salary,company,jobname,jobcont,jobid
8000-9999/月,深圳星河智善生活股份有限公司广州...,项目经理（广州分公司）,职位描述：一、岗位职责：1、负责所辖物业区域的经营管理及日常费用支出的审核，有效控制所辖项目费用开支，完成公司下达的年度经营目标；2、负责各项服务工作的检查，对所辖项目的整体服务质量负责；3、根据国家、物业管理主管部门及公司的有关规定，制订所辖项目的管理制度；4、负责所辖项目有关物业管理服务合同及相关供方的评估和控制；5、负责所辖项目发生的服务过程不合格和服务质量不合格的处理及纠正措施、预防措施的实施和跟踪；6、负责对所辖项目人员工作绩效进行考核评估；7、负责协调与业主（住户）、政府部门的沟通联系工作，及时解决业主提出的合理要求和建议。二、岗位要求：1、物业管理、房地产管理等相关专业2、五年以上物业从业经验3、三年以上物业项目管理经验4、熟悉国家、地方物业行业管理相关法规5、熟悉物业管理相关知识6、对物业管理中的安全、消防、租赁、合同管理、招商引资、办公室行政管理，客户服务管理等内容都有较深了解，能独立开展各个部门的管理工作7、掌握Word、Excel、PPT等办公软件三、优先考虑：物业部门经理/企业经理上岗证、物业管理师证书四、工作地点：广州南沙五、联系方式：020-31154276 何主任职能类别：物业管理经理关键字：物业管理举报分享,0
15-20万/年,深圳星河智善生活股份有限公司,物业项目经理（广州项目）,职位描述：岗位职责：1、根据分公司年度绩效目标、工作计划，编制本项目管理处年度绩效目标、年度和月度工作计划，并组织实施、评估；2、组织质量/环境管理体系、管理制度、流程体系等的实施、监督和持续改进；3、完成物业项目岗位设置、编制和岗位说明书的起草、修订和完善工作；4、编制物业项目年度费用预算，并报分公司领导审批；5、负责物业项目的质量管理工作组织、实施。任职资格：1、大专以上学历，物业管理、企业管理等相关专业。2、5年以上物业管理工作经验。3、具有优秀的沟通协调能力和执行能力，负有团队合作精神和服务意识。职能类别：物业管理经理举报分享,16
,深圳市星河房地产开发有限公司,物业-弱电智能岗（广州）,职位描述：弱电智能岗（广州）职位描述：负责楼宇智能化系统的设计、施工管理，进而提高楼宇智能化水平应聘要求：智能化类、电气工程及其自动化类专业，本科及以上学历工作地点：广州职能类别：智能大厦/综合布线/安防/弱电举报分享,20
3000-4500/月,深圳星河智善生活股份有限公司广州...,安全员/保安（广州山海湾）,职位描述：关键职责：1、负责辖区住户管理，熟悉基本情况，按规定办理人员出入登记、检查管理；2、熟悉车场管理，对车辆出入登记、停放、检查进行管理；3、执行公司相关规定，严格执行《物品放行规定》；4、定期巡视检查，发现异常须立即查明情况并上报。任职资格：1、初中以上学历，一年以上相关岗位工作经验；2、了解安全业务流程与运作；3、了解消防基础知识、消防实操能力；4、军警院校毕业或退伍军人，持有消防安全上岗资格证、保安上岗证优先。联系人：宋小姐/陈小姐联系电话：020-3115228职能类别：保安人员举报分享,18
15-20万/年,深圳星河智善生活股份有限公司,物业项目经理（珠三角地区）,职位描述：1、根据地区分公司年度绩效目标、工作计划，编制本项目管理处年度绩效目标、年度和月度工作计划，并组织实施、评估；2、组织质量/环境管理体系、管理制度、流程体系等的实施、监督和持续改进；3、完成物业项目岗位设置、编制和岗位说明书的起草、修订和完善工作；4、编制物业项目年度费用预算，并报分公司领导审批；5、负责物业项目的质量管理工作组织、实施。任职资格：1、大专以上学历，物业管理、企业管理等相关专业。2、5年以上物业管理工作经验。3、具有优秀的沟通协调能力和执行能力，负有团队合作精神和服务意识。职能类别：物业管理经理举报分享,15
4500-5999/月,深圳星河智善生活股份有限公司广州...,客服主管（广州山海湾）,职位描述：1、全面负责客服部门建设、业务统筹工作，完成本部门年度目标责任书，提供指导支持；2、负责编辑和完善本部门制度、操作程序和工作标准，并督查本部门职员行为符合规范、工作、服务标准的要求；3、负责本部门服务质量的检查和控制，组织实施对投诉或不规范服务的整改，努力提升服务品质和业主满意度；4、熟悉辖区内的物业状况及公共设施设备的基本情况，随时了解掌握辖区内设施设备运行及基本情况，对日常巡查进行监督；5、组织开展社区文化活动，打造社区文化氛围，并做好记录存档。任职资格：1、大专以上学历；2、物业管理、房地产管理等相关专业；3、三年以上相关岗位工作经验；住宅10万平方或商业2万平方米以上物业管理处工作经验；4、掌握Word、Excel、PPT等办公软件；5、熟悉国家、地方物业行业管理相关法规；熟悉物业管理相关知识；6、具有良好的语言表达能力，具有处理协调公共关系的沟通能力。优先条件：物业管理员上岗证、质量管理体系内审员证。联系电话：020-31152286 宋小姐职能类别：客服主管关键字：物业后期举报分享,17
3000-4499/月,深圳星河智善生活股份有限公司广州...,机电维修员（广州山海湾）,职位描述：关键职责：1、负责对项目供配电系统设备和其它电器设备的运行检查及维修工作，处理应急故障、参与设备、设施的维修保养工作；2、负责变配电室设备巡视、安全检查工作，负责责任区域内的设备维护和清洁工作，认真做好巡视记录、运行记录和值班（及交接班）记录；3、按服务规范，及时处理各种公共区域施工、维修等问题，确保小区道路、墙砖、消防通道、公共娱乐场所、停车场等公共区域维修工作；4、协助客服及时为业主提供上门维修（有偿）服务。任职资格：机电一体化、电气自动化、暖通等相关专业，持有效相关操作证。联系人：宋小姐/陈小姐联系电话：020-31152286职能类别：物业维修员举报分享,19
10-15万/年,深圳星河智善生活股份有限公司,人事行政经理（广州分公司）,职位描述：1、全面统筹分公司综合部的日常工作，确保部门工作目标的实现；2、编制年度行政人事计划，拟订成本预算；3、协调、控制各部门及各部门人力资源薪酬、招聘、培训以及绩效、员工关系等方面的关系；4、定期检查公司办公环境、办公设施及其他固定资产情况；5、负责综合部门日常管理及部门员工的管理、考核、培训等工作。任职资格：1、人力资源、企业管理或相关专业本科以上学历；2、从事行政人事工作5年以上工作经验，其中2年以上同岗位管理工作经验；3、良好的统筹管理能力、计划能力及执行力，能独立完成制度整合、流程制定、检查执行工作，具有良好的文字功底；4、有物业公司行政负责人或同等岗位工作经验者优先。职能类别：人事经理举报分享,14
4500-5999/月,深圳星河智善生活股份有限公司广州...,行政主管（广州分公司）,职位描述：岗位职责：1、负责组织起草行政综合文件、计划、报告等文件，建立健全公司行政各项管理规章制度。2、负责公司后勤、采购、以及固定资产等日常性行政事务的管理与监督，确保公司行政工作能有效的积极开展。3、负责促进公司内外部关系的维护，做好公司各项证照的年审工作；协助上级领导做好对外公关接待工作，树立公司良好形象。4、负责组织公司召开各项会议，并确保会议室的正常使用，保证会议的正常进行。5、负责公司各类证件的申请与年检工作。6、组织本部门人员做好公司文档管理工作，对文档进行定期整理、 分类、归档。7、负责公司车辆管理工作，定期安排车辆进行清洗、保养与维修或 者年检，确保车辆的整洁与正常使用。任职要求：大专以上学历，行政管理、工商管理或人力资源管理专业。具备同等岗位三年以上工作经验，有大型物业公司行政管理经验优先。有较强的组织协调能力和团队建设能力，较强的分析、解决问题能力。熟练办公软件操作，有较强的公文写作能力。工作地址广州市南沙区港前大道与商贸南二路交汇处星河山海湾管理处联系人：何小姐 020-31154276职能类别：行政经理/主管/办公室主任举报分享,13
3000-3500/月,深圳星河智善生活股份有限公司广州...,样板房服务员(广州山海湾）,职位描述：关键职责：1、负责整个样板房区域巡视、检查工作，主要检查安全秩序、清洁状况、楼梯间和公共通道、设施设备的完好程度等；2、负责样板房的陈设物品的核点工作，确保所有饰品的摆放均与原设计风格相符。任职资格：1、高中以上学历，一年以上相关岗位工作经验；2、身高1.62米以上，形象气质佳，有亲和力。联系人：宋小姐/陈小姐联系电话：020-31152286职能类别：其他举报分享,12
3000-4000/月,深圳星河智善生活股份有限公司广州...,营销中心管家（广州山海湾）,职位描述：关键职责：1、营销中心日常接待工作，协助主管对现场事务工作的协调与处理。2、营销中心物资的保管及收发管理。3、协助领班、主管改善服务质量、提高客户的满意度工作。4、每日营业时间前对会所员工责任区的清洁卫生进行全面检查，做好日检查记录，对于不合要求的地方给予及时纠正解决。任职资格：1、身高173以上，形象气质佳。2、高中以上学历，年龄18-30岁。3、具备良好的沟通能力及应变能力。4、高强度的抗压能力，有面对困难挑战的勇气福利待遇：月休4天，购买五险一金，工资3000-4000联系电话020-31152286 宋小姐/陈小姐职能类别：其他举报分享,11
,深圳市星河房地产开发有限公司,物业-电子商务岗（广州）,职位描述：电子商务岗（广州）职位描述：负责公司线上平台维护及线上渠道拓展，有效整合物业与互联网销售资源，提高销售业绩应聘要求：电子商务类、市场营销类专业，本科及以上学历工作地点：广州职能类别：电子商务专员举报分享,21
3000-4000/月,深圳星河智善生活股份有限公司广州...,客服助理（广州山海湾）,职位描述：岗位职责：1、负责本责小区区的全面管理工作并监督落实。2、执行公司信息沟通管理的相关规定，收集各种渠道的业主反馈。3、负责区域物业费用的收缴工作，完成本区域的费用收缴任务。4、与业主之间保持良好的沟通，识别服务点，及时了解业主的动态，提出符合项目实际的特约服务的合理化建议。5、对业主反馈问题的跟进、处理与回复，遇到原则性问题决不轻易向业主承诺，应及时向上级汇报，待同意后再向业主做好解释工作。6、实施业主入住手续的办理；7、及时处理管辖区内各种紧急、突发事件。8、配合公司不断改变服务策略，改善服务质量，提高业主满意率。任职资格：1、30岁以下，中专以上学历，物业管理专业毕业生可无工作经验。2、具有相关经验者优先。联系电话：020-31152286 宋小姐/ 陈小姐职能类别：物业管理专员/助理举报分享,10
8000-9999/月,深圳星河智善生活股份有限公司广州...,品质经理(广州分公司）,职位描述：一、岗位职责：1、开展质量/环境管理体系、管理制度、流程体系等的研究、规划、建设、实施、监督和持续改进；2、制订、完善有关品质管理的管理制度、管理流程、成果标准和使用模板等；3、组织实施管理评审，对管理体系的系统性、适宜性和有效性等进行定期评价；4、组织实施质量和环境管理体系的内部审核工作，并督促各部门整改不合格事项。二、任职要求：1、熟悉国家、地方物业行业管理相关法规2、熟悉物业管理相关知识3、熟悉企业质量管理体系、标准及流程4、具有独立撰写管理体系、办法的能力5、具有良好的沟通协调能力6、具有较强的文字处理能力7、掌握Word、Excel、PPT等办公软件三、优先条件：物业部门经理/企业经理上岗证、物业管理师证书、质量管理体系内审员证四、工作地址：广州南沙区五、联系电话：020-31154276  何主任职能类别：其他关键字：物业品质管理举报分享,9
20000-30000/月,广东星河生物科技股份有限公司,投资开发部经理,职位描述：岗位职责：1.通过各种渠道寻找和筛选有发展潜力和投资价值的肿瘤医疗投资机会；2.负责项目总体规划和相关商务谈判；3.负责投资开发团队管理和建设；4.负责投资标准和制度建设。岗位要求：1.本科以上学历，市场营销类专业，年龄35-45岁；2.有较广的医疗行业信息来源和人脉基础，能为公司提供潜在的医疗并购标的和合作项目资源；3.有优秀的市场开拓和谈判能力，能够快速推动公司医疗项目开拓和项目谈判；4.熟知中国医疗体系的各个环节和关键利益点，能够结合公司实情设计出有效的利益机制和合作模式；5.熟知医疗行业关键角色的利益诉求和主要痛点，对关键机会点和风险点有较强的判断分析能力。备注：1.无医疗或生物同行业相关工作经验者请慎投，谢谢！2.此岗位需先到东莞塘厦集团总部上班1-3个月后长期安排到深圳南山全资子公司上班。3.此岗位包吃住（按用量扣水电费），22天制，周末双休。职能类别：业务拓展主管/经理招投标管理关键字：医疗肿瘤健康举报分享,8
4000-6000/月,广州星河湾酒业有限公司,企划推广主管/专员,职位描述：岗位职责：1、	协助公司的品牌宣传与推广；2、	协助公司市场活动的推广与执行；3、	协助公司品牌宣传物料的设计与传播；4、	收集行业资讯、竞品动态及最新热点资讯；5、	负责公司微信、微博、网站、媒体杂志等文字的撰写与传播；6、	完成上级安排的其他相关工作。职位要求：1.	大专以上学历，有品牌推广、媒介传播、活动宣传、广告、自媒体传播等相关工作经验优先；2.	能够熟练使用互联网体撰写文案、编辑广告创意文案，有一定文字功底者优先；3.	懂得使用H5页面制作、微信编辑美化，有一定设计功底者可优先考虑；4.	熟练操作办公软件，如Word、Excel、PPT等。职能类别：市场企划专员活动策划举报分享,7
3000-4499/月,星河湾集团物业总部,人事行政专员,职位描述：1、轮岗学习，为以后的储备管理干部；2、专业要求：人力资源行政类（专业：人力资源、法律）财务类（专业：会计、财务）品质运营类（专业：物业管理、房地产经营管理、中文）工程类：（专业：工程管理、土木工程、工程管理、水电）客服类：（专业： 物业管理、旅游、酒店管理）任职要求：1、性格外向，沟通能力强，能吃苦耐劳，愿意学习，积极向上；2、喜欢服务行业，具有服务精神，愿意在物业行业长期发展；3、2016-2017年毕业，大专以上学历（水电类：中专以上学历）职能类别：行政专员/助理举报分享,49
2000-2999/月,星河湾集团物业总部,实习生,职位描述：1、轮岗学习，为以后的储备管理干部；2、职业生涯规划：管理培训生—-各职能/业务线助理——主任—-经理；           3、招聘类别：人力资源行政类（专业：人力资源、法律）财务类（专业：会计、财务）品质运营类（专业：物业管理、房地产经营管理、中文）工程类：（专业：工程管理、土木工程、工程管理、水电）客服类：（专业： 物业管理、旅游、酒店管理）任职资格：1、性格外向，沟通能力强，能吃苦耐劳，愿意学习，积极向上；2、喜欢服务行业，具有服务精神，愿意在物业行业长期发展；3、2016-2017年毕业，大专以上学历（水电类：中专以上学历）。职能类别：实习生举报分享,48
30000-39999/月,星河湾集团物业总部,物业总经理,职位描述：工作职责：1) 负责物业管理公司管理制度的建立、执行监督和完善；2) 负责物业管理公司的业务规划、年度、季度、月度计划及监督计划的落实；3) 负责项目物业管理公司筹建及日常运营管理工作 ；4) 负责项目物业公司人员架构的合理配置的统筹、中高层管理人员的培养和指导；5) 督促及检查物业公司业务发展和业务管理情况，并及时向公司相关领导汇报；6) 对于区域性的物业管理问题（如政府规范方面），与公司相关业务部门和政府相关职能部门进行沟通和协调；7) 执行公司方针制度，进行“星河湾物业”品牌的管理、维护和开发；8) 组织物业管理培训，建立具有指导性的物业 管理培训规划和统一的物业管理培训平台；9) 完成上级领导及集团交办的其他工作任务。要求：1、大专或以上学历，物业管理、工商管理等相关专业；2、8年以上物业版块相关专业工作经验，5年以上同等职位管理工作经验；3、熟悉大型住宅社区物业筹建运营流程，熟悉本专业领域国内外发展趋势，具有扎实的专业基础理论和专业技术知识；4、具有指导大型住宅社区物业管理的管理能力，具备敏锐的行业触觉；5、持有相关专业中级及以上职称；6、有较强的组织协调能力、团队协作能力及解决问题的能力，严谨稳健、思维敏锐、能够承受较大工作压力。职能类别：首席执行官CEO/总裁/总经理举报分享,47
5000-7000/月,星河湾集团,IT工程师,职位描述：岗位职责：1、负责公司流程管理架构规划和建设；3、组织实施公司流程优化，确保流程对公司战略管理、业务发展及管控体系的有效支撑；4、负责流程管理的制度化建设，负责流程文化宣传，流程管理知识、方法推广和培训；5、负责流程执行监控，对流程执行效果进行定期分析与评价，输出管理建议。任职要求：1、大专及以上学历，理工科或管理类相关专业，重点院校毕业者优先考虑；2、熟悉流程管理、项目管理的基本理论、方法、工具，能够独立策划企业流程管理规划并实施；3、有3年及以上房地产相关企业从业经验；4、事业心强、抗压力强；5、善于学习，逻辑思维能力和系统思维强；6、善于沟通和组织协调，为人热情，团队精神良好。职能类别：技术支持/维护工程师系统工程师举报分享,46
3000-4499/月,星河湾集团物业总部,客服助理,职位描述：岗位职责：1、受理及主动电话业主，能够及时发现业主问题并给到正确和满意的回复；2、与客户建立良好的联系；3、具备处理问题、安排进展、跟进进程、沟通及疑难问题服务的意识跟能力，最大限度的提高业主满意度。遇到不能解决的问题按流程提交相关人员或主管处理，并跟踪进展直至解决；4、具备一定的服务意识。5、不断接受公司的各项业务和技能提升培训。任职资格：1、中专以上学历，有一定客户服务工作经验，有一定的客户服务知识和能力 。2、身高1.60CM，形象气质佳优先考虑。3、要求一定要有“业主为先”的服务精神，一切从帮助业主、满足业主角度出发。4、性格要求沉稳、隐忍，善于倾听，有同理心，乐观、积极。普通话标准、流利，反应灵敏。5、热爱工作，敬业、勤恳，乐于思考，具有自我发展的主观愿望和自我学习能力。可适当加班者优先。职能类别：物业管理专员/助理举报分享,45
5000-8000/月,星河湾集团,策划专员/主管,职位描述：工作职责：1)协助策划经理日常事务；2)协助进行项目销售、调研与分析工作，并做出市场专题分析报告3)负责策划部门日常管理工作，合理调配统筹部门资源，制定工作计划4)负责项目策划工作，根据公司确定的销售费用制定项目阶段性销售推广进度计划5)协助策划经理进行集团品牌的维护，并结合项目配合集团品牌的传播6)负责新闻媒体的沟通、跟进工作，负责新闻通稿、活动讲话稿的组织撰写7)负责项目广告商的选择，并进行媒介和广告公司的沟通，负责落实、跟进广告媒体投放情况8)负责审核、落实、跟进大众媒体投放情况及销售系列道具的设计、印刷、制作等9)参与宣传、销售统计分析工作10)对公司的商业机密负责，义务维护公司品牌形象就权益11)完成上级交办的其他工作任职要求：1)本科以上学历，市场营销或广告相关专业，文笔优秀2)熟悉房地产项目策划推广，2年以上相关工作经验3)了解项目开发及销售各方面情况4)熟练操作各类办公电脑软件，丰富的统筹分析技能、创造力和策划能力5)出色的沟通协调能力，良好的组织、监控能力职能类别：房地产项目/开发/策划主管/专员文案/策划举报分享,44
3000-4499/月,星河湾集团物业总部,水电工技工工程助理,职位描述：1、 严格遵守公司员工守则和各项规章制度，服从领班安排，除完成日常维修任务外，有计划地承担其它工程任务；2、努力学习技术，熟练地掌握小区电气设备的原理及实际操作维修；3、执行所管辖设备的检修计划，按时按质量地完成，并填好记录表格；4、 积极协调配电工的工作，出现事故时无条件地迅速返回值班室，听从领班的指挥；5、严格执行设备管理制度，做好每班的交接班工作；6、 交班时发生故障，上一班必须协同下一班排除故障，才能下班，配电设备发生事故时不得离岗；7、 搞好班内外清洁工作；8、完成上级交办的其它工作；9、 完成小区内其它维修工作。任职要求：1、年龄18～40；2、持有电工、高压电工、焊工、制冷等相关上岗证；3、技校、中专或高中毕业，4、服从管理，工作积极认真。5、有从事物业工作经验优先考虑。职能类别：物业维修员举报分享,43
3000-4499/月,星河湾集团物业总部,物业助理/物业主任,职位描述：职责：按照项目临时管理规约、用户手册、前期物业服务协议及装修管理规定进行日常的辖区管理工作。协助房产公司进行收楼工作。负责物业服务中心前台的日常值班、接待、电话接听、电话转接，受理业户申请、咨询、报修、投诉等业务，并做好来访、投诉等登记。负责所辖区域内单位托管钥匙的管理，按公司管理规定做好借用登记手续。负责办理所辖区域内单元二次装修手续办理及施工出入证的登记办理。负责办理物品放行条，根据业户或公司内部其他部门报修内容出具维修单并跟进落实维修结果回访情况，同时做好登记和存档。负责对接财务每月缴费通知单级费用缴纳记录，及时派发并及时汇总缴费情况至部门负责人以制定相关的催费计划。负责日常停电、停水、停梯等突发事件的电话通知并做好相关记录。协助上级落实业户回访和满意度调查，做好相关记录并存档。上级领导交办的其他工作。要求：1、	大专以上学历，物业管理、酒店管理等相关专业；2、	一年以上物业管理相关工作岗位工作经验；3、熟悉物权法、物业管理条例等相关法律法规。4、条件优秀者应聘物业主任职能类别：物业管理专员/助理举报分享,42
2000-2999/月,星河湾集团物业总部,财务收费实习生,职位描述：1、收费任务。  准确为业主开具（打印）发票，并填写发票使用登记本。2、熟练操作物业收费软件，掌握各项收费报表的编制工作。3、月末根据抄表员提供的水表抄表读数，按时完成业主水费读数的录入工作。4、打印当月业主的缴费通知书，交由金钥匙服务中心派发。5、按收费项目粘贴每日开具发票的入账联，汇总每日的营业收入，编制收入日报表，上缴营业款。6、根据“信息处理单”录入应收收业主的有偿服务费收入。7、每月15、25日分别完成业主管理费、停车场收费的银行出盘数据。8、负责向业主解释各项收费的标准及有关收费问题的查询工作。9、负责把已交费的车位资料交客服资料室进行IC卡授权。10、 完成领导交办的其他工作任务。任职资格：任职要求：18岁以上，中专以上学历， 欢迎财务专业实习生进行投递职能类别：其他举报分享,41
6000-20000/月,星河湾集团,销售精英,职位描述：岗位职责：1.	严格遵守公司相关各项制度，服从公司、领导安排;2.	全力完成各阶段销售任务;3.	不懈的开发新客户，建立客户网络;4.	全力配合管理人员完成销售部日常管理工作；5.	及时提交销售数据、客户情况、报表、总结等；6.	工作中遇到问题及时反馈并配合解决;7.	团队意识强，凡事以大局为重，不做损害公司利益的事;8.	严格按公司规定的统一说辞向客户介绍产品，不做过分的夸 大及不切实际的承诺;9.	妥善管理自己客户档案，并严格保密，绝不泄露公司及客户资料;10.	协助相关部门追收房款、收楼、办证等工作;11.	配合各部门完成销售相关工作;12.	在日常工作中不断自我总结、学习，提升个人综合能力;任职资格:1.	大专以上学历；2.	形象良好，谈吐流利，大方得体，***身高不低于163cm，***身高不低于175cm。3.	能承受高强度工作压力；4.	责任心强，上进心强，目标清晰；职能类别：销售代表举报分享,40
3000-5000/月,星河湾集团,人事专员（星河湾木业）,职位描述：工作地点：广州市南沙区榄核镇蔡新路386号工作职责：1、负责员工月度薪酬核算2、负责员工月度考勤统计汇总3、负责公司社保、公积金申报、转入、转出、缴纳、补交、基数核定等4、负责办理员工医疗、工伤保险的相关赔付工作5、负责员工人才存档、调档管理6、跟踪员工入离职手续等事务，建立和维护相关数据和信息7、员工薪资福利方面的咨询服务8、维护与社保中心、公积金中心、人才中心等政府机构的关系，以确保工作的顺利开展9、完成领导交办的其它工作聘用条件：1、3年以上人力资源管理工作经验，有500人以上制造业薪酬绩效工作经验者优先考虑2、大专以上学历，人力资源管理等相关学历3、具有员工薪酬管理、社会福利保险、公积金、绩效的实际操作经验，熟悉国家劳动人事政策法规4、数字敏感度好，善于进行数据分析，熟练操作相关办公软件5、工作积极主动、细心、责任心强职能类别：人事专员举报分享,39
15-20万/年,星河控股集团有限公司,会计,职位描述：三年以上房地产企业财务会计工作经验，本科以上学历（1）熟悉会计法规，税收法规和相关财政政策；（2）熟练使用财务软件和常用办公软件；（3）具有一定的沟通能力和执行力。职能类别：其他举报分享,38
6000-7999/月,星河控股集团有限公司,拓展专员,职位描述：1、土地信息收集整理2、跟进土地手续的取得3、大型地产公司相关工作经验职能类别：房地产项目/开发/策划主管/专员关键字：土地拓展拓展举报分享,37
10-15万/年,星河控股集团有限公司,策划师/渠道拓展岗,职位描述：工作职责：1、负责公司一手产品的渠道拓展工作，通过对商家资源等目标客户群进行拓展，为客户提供专业的房地产置业咨询服务；2、负责完成拓展的相关指标任务，协助实现各项销售指标。任职要求：1、大专及以上学历，有3年以上房地产销售经验，并有1年以上的大客户/商家等渠道拓展经验；2、形象良好，沟通能力强。欢迎有相关拓展经验者投递简历，待遇面谈，从优。职能类别：其他关键字：拓展渠道营销策划举报分享,36
8-10万/年,星河控股集团有限公司,IT专员,职位描述：1、本科以上学历，计算机类专业，年龄26岁以上，五年以上网络及计算机管理方面工作经验；2、熟悉大中型企业网络规范及架构，熟悉windows域规划及域服务器相关应用，有OA及ERP实施应用经验，能快速解决办公电脑及周边设备、网络、电话等故障。职能类别：信息技术专员举报分享,35
10000-14999/月,星河控股集团有限公司,土建造价师,职位描述：1、本科以上学历，工程造价类专业，年龄28岁以上，五年以上工程造价管理工作经验，持预算员造价工程师证；2、熟悉定额原理及土建工程施工工艺、规范，了解有关建筑法律法规，具有成本管理意识与经验，掌握相关计量、计价软件。职能类别：其他工程造价师/预结算经理关键字：带薪年假年终双薪奖金丰厚交通补助包吃包住节日福利举报分享,34
4500-5999/月,星河控股集团有限公司,工程资料员,职位描述：1、专科以上学历，建筑工程类专业，年龄25岁以上，一年以上工作经验，具独立完成工程项目资料管理；2、熟练工程技术资料的标识、整理及归档，具有一定的工程建筑相关知识，能独立编制建筑工程资料，懂图纸。职能类别：其他举报分享,33
10000-14999/月,星河控股集团有限公司,给排水/暖通工程师,职位描述：1、大学本科学历，水暖相关专业，5年以上房地产企业水暖工程管理经验；2、精通房地产开发项目的水暖工程专业知识和管理流程，有较高的专业能力和专业水平；3、熟悉房地产行业相关法律、法规，国家质量认证体系相关知识、质量管理体系知识、质量控制专业知识以及文明、安全管理知识；4、了解国内外水暖工程技术现状和发展趋势；5、敬业负责、技术应用能力强、有良好的沟通能力和人际交往能力；6、持有工程师以上职称证书者优先。职能类别：房产项目配套工程师举报分享,32
30000-50000/月,星河湾集团,商业运营总监,"职位描述：岗位职责：1） 根据集团下属各城市地产项目的商业项目，全面清查各商业项目的资产情况。2） 根据企业的中长期发展战略，对各商业项目进行市场环境分析，对当地业态和竞争对手情况进行调研分析，确定经营管理思路。3） 对拟开发商业项目进行选择对比分析与可行性研究。4） 对拟开发商业项目进行项目招投标前的准备工作，完成招投标方案。5） 根据企业商业项目短中期发展规划和市场分析结果，制订年度商业运营工作计划。6） 对各个商业项目运营过程进行监督管理。7） 不定期组织房地产市场商业项目调研活动，并按时提交调研报告。8） 关注房地产市场和行业的发展变化，定期或不定期向集团决策层提交市场分析报告。9） 关注国家宏观政策，并根据政策的变化适时调整企业下属的商业项目发展战略。10）负责商业运营部的组织建设及员工的培训和绩效考核工作。11) 完成上级领导和集团交办的其他工作任务。任职要求：1) 本科或以上学历,房地产专业、经济管理、营销、工商管理等相关专业;2) 10年以上同行业发展经验，其中5年以上商业项目运作经验，有商业营运及团队管理的成功案例;3) 具备先进的营销及运营理念，具有较高的财务数字分析能力、丰富的商品知识及较好的商品运作各环节中的控制能力，对于商业物业的运营有着独到的认识与理解;4) 熟悉多种商业业态及商业地产运作流程,具备卓越的领导执行能力、优秀的沟通能力、极强的责任感及敬业精神、善于调动员工的积极性.职能类别：总监/部门经理举报分享",0
6000-7999/月,星河控股集团有限公司,司机,职位描述：岗位职责：1、负责公司车辆的保险、验车、保养、维修等工作；2、进行车辆内外部的日常清洁；3、接送公司领导、客户，完成各部门用车和接待任务，满足用车需求；4、协助行政人员从事一些外勤工作。任职资格：1、高中以上学历，持有A1驾照，有大型企业3年以上行政司机经验；2、具有良好的驾驶技术和安全、服务意识，对省内道路熟悉；3、熟悉车辆维修知识、保险理赔知识及商务接待礼仪知识；4、熟悉车辆年检、保险、养路费办理等程序；5、身体健康、为人正直、踏实，工作积极主动，敬业负责，应变能力较强，无不良嗜好。职能类别：其他商务司机举报分享,49
8000-9999/月,星河控股集团有限公司,电气工程师,职位描述：3年以上房地产企业电气工程管理经验精通：房地产开发项目的电气工程专业知识和管理流程熟悉：房地产行业相关法律、法规，国家质量认证体系相关知识、质量管理体系知识、质量控制专业知识以及文明、安全管理知识了解：了解国内外电气工程技术现状和发展趋势职能类别：房产项目配套工程师举报分享,48
20-30万/年,星河控股集团有限公司,工程管理部经理,职位描述：岗位要求：1、本科及以上学历，工民建类专业，年龄35岁以上；2、有8年以上房地产企业工程管理工作经验，有大中型房地产企业工程管理岗位工作经验者优先；3、精通工程项目管理专业知识、房地产开发企业的工程管理流程及建筑（安装）工程技术；4、熟悉房地产开发项目整体运作程序和国家及地方的有关政策法规；5、了解现代企业经营管理模式，房地产行业相关的财务、市场营销等方面的知识；6、计划、组织能力和综合统筹能力强，诚信正直、敬业负责；职能类别：房产项目配套工程师建筑工程管理/项目经理举报分享,47
15000-19999/月,星河控股集团有限公司,建筑设计师,职位描述：1、本科以上学历，建筑学专业2、5年以上设计院或地产公司工作经验职能类别：房产项目配套工程师建筑设计师举报分享,46
15000-19999/月,星河控股集团有限公司,土建主管,职位描述：1、土木或工民建及相关专业本科以上学历2、5年以上房地产企业现场施工管理经验，熟悉工程管理工作流程职能类别：房产项目配套工程师结构/土木/土建工程师举报分享,45
10-15万/年,星河控股集团有限公司,法务专员/主管,职位描述：岗位要求：1、本科及以上学历，法学相关专业；2、3年以上专职律师执业经验，具有1年以上房地产企业法律业务经验者优先；3、精通国家法律法规、法律理论及法律实操事务；4、熟悉房地产行业特征及房地产开发业务全套流程；5、拥有卓越的影响能力和思维总结能力，有优秀的组织协调能力和计划执行能力；6、正直诚信，有律师资格证者优先。岗位职责：1、审查城市公司的各类合同文本，必要时会同集团公司及外部法律机构，参加合同评审会；2、跟据需要参加签订合同的法律谈判，参与合同拟定及修订；3、协助部门经理完成标准合同的修订；4、负责处理城市公司的法务纠纷事宜；5、负责公司日常法律咨询事宜；6、参与公司重大业务决策，提供法律专业意见和建议；7、负责公司相关人员的法务知识培训。职能类别：法务主管/专员举报分享,44
10-15万/年,星河控股集团有限公司,招聘主管,职位描述：岗位职责：1、组织人员年度招聘计划的制定及报审执行；2、组织人员安排招聘、面试、入职等工作；3、根据集团要求，负责组织完善城市公司人力资源管理体系；4、配合其他部门和岗位的工作，完成上级领导交办的其他任务。任职要求：1、大学本科，管理类专业毕业，25-32岁，形象较好；2、3年房地产人力资源同岗位工作经验，有大型房企经验者优先；3、主动积极，善于沟通协调。职能类别：招聘经理/主管举报分享,43
80000-100000/年,星河控股集团有限公司,报批报建工程师,职位描述：1、3年以上房地产公司本岗位或建筑设计院建筑设计专业工作经验2、熟悉房地产开发业务流程及政府审批业务流程、熟悉房地产行业相关法律法规3、具有较强的沟通、协调与组织能力4、具有较强的责任心职能类别：其他举报分享,42
10000-14999/月,星河控股集团有限公司,人力资源经理,职位描述：1、负责公司日常人力资源工作；2、本科以上相关专业，大型地产公司同等工作经验。职能类别：其他人事经理举报分享,41
10000-14999/月,星河湾集团,安装造价师,职位描述：岗位职责：负责过超高层商业项目优先考虑，职位层级可根据经验程度定1、负责分管工程、材料设备项目发包工程招标文件和工程量清单编制工作，以及相关工程量计算；2、根据招标管理制度、工程策划报告和投资估算，编制工程招标分判计划和目标成本指标；3、协助组织考察考评投标单位，完成承建商/供应商考察工作档案记录；4、提供分包合同价款项目专业意见，以及负责承包合同协调交底工作；5、统筹所属项目招标，拟订评标报告，报批后拟订中标通知书；6、整理招标相关文件，拟订编制分判合同文件和招标分判方案；7、协助收集、跟踪、调研、掌握材料设备和其他市场信息；8、协助收集分管专业承包商/供应商名册的建立、评议、考核等管理工作。岗位要求：1、工民建、工程造价、建筑设备和环境工程相关专业本科或以上学历；2、熟悉招投标运作，熟悉招投标文件相关条例，熟悉预结算及工程量清单计算；3、良好沟通谈判能力，擅长收集市场材料信息；4、五年以上相关职位工作经验，有现场工作经验者优先；5、持助理工程师或以上资格证书者优先。职能类别：工程造价师/预结算经理举报分享,39
8000-15000/月,星河湾集团,土建造价师,职位描述：岗位职责：1) 参与项目的成本策划、参与编制项目工程目标成本和工程责任成本等工作；2) 协助上级领导收集、整理信息，建立和维护成本信息库；3) 协助上级领导对目标工程的成本控制进行动态管理；4) 负责完成已完工项目工程成本后评估管理并建立档案；5) 负责项目公司土建造价相关合同的建档和管理，并对工程、设计等合同的履约情况进行检查和监督；6) 完成上级领导安排的其他工作。岗位要求：1、工民建、工程造价、土木工程相关专业大专或以上学历；2、熟悉土建方面的造价工作（如预结算、审核、招标）；3、良好沟通谈判能力，擅长收集市场材料信息；4、五年以上相关职位工作经验，有现场工作经验者优先；5、持助理工程师或以上资格证书者优先。薪资面试职能类别：工程造价师/预结算经理举报分享,38
25000-29999/月,星河湾集团,法务总监,职位描述：工作职责：1、全面负责集团各类法律事务工作，统一协调处理集团经营、管理和决策中的法律事务；参与集团重要管理规章制度的制定和实施，建立健全集团法律事务机构和法务工作网络体系；2、担任集团各公司的诉讼代理人，参与有关诉讼、调解、仲裁等处理工作，止讼平争，维护公司利益；3、负责集团各公司的合同、章程的审查、修改、制定工作；4、参与公司的重要经营活动。A、根据领导指示参与重大项目的谈判；B、草拟审查修改集团各公司对外发出的有关文件；5、在集团内部开展法制宣传工作，提高公司管理人员的法律意识，做好法律风险防范工作；6、完成上级交办的其他工作。聘用条件：1、大学本科以上学历，法律专业；2、10年以上工作经验，3年以上同等职位工作经验；3、具有全面、扎实、丰富、优秀、资深的法律知识水平和业务能力，熟悉公司法、知识产权、劳动法、合同法、经济法等法律；4、取得国家法律业资格和律师执业证书。职能类别：总监/部门经理举报分享,37
8000-9999/月,广州星河湾酒业有限公司,广东省区经理,职位描述：岗位职责：1、组织制定所辖省区的发展战略，分解销售任务目标，负责所属省区的产品市场运作及综合管理，带领团队完成年度销售任务；2、在总经理的指导下，按公司要求做好市场布局、经销商布局与人员布局及相应的费用规划和市场规划；综合协调省区内业务人员、经销商的有序工作和产品、渠道的有效运行；3、有效管理、培训、考核业务团队，加强对后备人才的培养；按公司要求建立完善区域内日常业务运行、管理、考评制度；4、具体组织业务团队人员拟定并执行月度方案，开展市场活动、渠道建设、地面形象建设等，确保市场费用使用的真实性、有效性，对市场费用使用报销负直接责任；5、制定全年销售费用预算，及时核报市场费用，清理经销商账务；管理、监控业务单元的公共费用、人员费用的使用与报销；6、对区域内产品的价格体系负责；有效把握经销商出货渠道、价格、出货量和经销商及渠道的库存；7、对竞争品牌活动调查、跟踪，针对公司销售、市场策略提供建设性建议；8、完成其它专项工作和行政工作。职位要求：1、大专以上学历，市场营销管理类相关专业；2、具有10年以上营销或销售管理工作经验；5年以上同等岗位工作经验。具有高端奢侈品或酒类行业的从业背景，对该领域发展有深刻理解。3、具有较强的市场开拓与销售技能，具备优秀的沟通能力和团队合作精神，组建和培训团队经验丰富；4、具有较强沟通能力、执行能力、抗压能力，具备较强的时间管理能力和工作管理能力。5、良好的敬业精神和职业道德操守，有很强的影响力和凝聚力，责任心和事业心强。职能类别：销售总监区域销售经理关键字：周末双休带薪年假节日福利举报分享,36
3000-4499/月,星河湾集团,收银员,职位描述：岗位职责：1、售楼部现场准确收取公司开发项目售楼款、权证费用等，包括现金、信用卡等；2、按规定开具财务票据，书写规范；3、执行公司收费管理制度及流程任职要求：1、财务等相关专业，大专及以上学历；2、2年以上收银或出纳工作经验，有房地产企业同类工作经验优先；3、能熟悉操作收银软件，持会计职称优先。职能类别：出纳员收银员举报分享,35
10000-14999/月,广东星河生物科技股份有限公司,技术工程师 （肿瘤治疗器械方向）,职位描述：岗位职责：1.负责售前技术支持工作，包括与客户的售前技术交流、项目考察、评估和合作谈判；2.配合投资开发部门编写技术方案和可行性分析报告，负责项目方案和文件中技术内容部分的撰写和讲解工作；3.跟踪医疗服务行业***和发展动态，为公司医疗技术服务方案、设备采购和资源整合提供的技术支持和建议；4.负责对内技术培训和对外技术交流，与客户、合作伙伴的技术部门建立良好的关系。岗位要求：1.肿瘤学相关专业，大学本科学历；2.熟悉肿瘤医疗技术，有2年以上相关工作经验；3.在与用户的技术交流、技术方案编写、技术方案宣讲等方面有较大潜力；有参与售前支持工作者优先考虑。备注：1.无医疗或生物同行业相关工作经验者请慎投，谢谢！2.此岗位包吃住（按用量扣水电费），22天制，周末双休。职能类别：医药技术研发管理人员医疗器械维修人员举报分享,13
15000-19999/月,广东星河生物科技股份有限公司,投资专员,职位描述：岗位要求：1、本科以上学历，金融、财务、管理类等相关专业毕业；2、投资或资产管理工作2年以上工作经验，有医疗器械行业工作经验者佳；3、财务知识丰富着优先，团队合作意识强，抗压能力强；4、较强的逻辑思维及分析判断能力。岗位职责：1、负责对投资项目进行尽职调查（包括评估、测算和分析），及时准确地收集信息；2、负责对尽调结果进行可行性分析，完成尽调报告，提出投资建议；3、负责撰写项目建议书、可行性报告及商业计划书；4、参与项目谈判，建立和维护与合作伙伴的合作关系；5、寻找合适的项目资源，建立标的库，及时跟进并做好相关记录工作；6、对投资项目的相关资料进行整理和归档。备注：1.无医疗或生物同行业相关工作经验者请慎投，谢谢！2.此岗位需先到东莞塘厦集团总部上班1-3个月后长期安排到深圳南山全资子公司上班。3.此岗位包吃住（按用量扣水电费），22天制，周末双休。职能类别：投资/基金项目经理医疗器械市场推广举报分享,12
8000-9999/月,星河控股集团有限公司,装饰工程师,职位描述：岗位要求：1、本科以上学历，室内设计类专业，五年以上室内设计经验，有大型商业、酒店、会所、样板房等项目室内设计经验；2、熟悉装饰设计、机电配合、施工管理等相关模块，熟悉方案、深化、施工图和施工阶段全过程的设计管理，熟悉本专业技术法规、装饰材料选型及应用设计软件。职能类别：房产项目配套工程师举报分享,11
15-20万/年,星河控股集团有限公司,报批报建主管/经理  （珠海）,职位描述：工作经验:5年以上房地产行业报批报建工作经验；知识技能:（1）熟悉房地产开发及报批报建流程，熟悉房地产行业相关法律、法规、政策；（2）具有较强的沟通协调能力；（3）有珠海区域相关政府部门资源者优先。工作职责:1.负责分管项目报批报建工作，参与协助其它项目报批报建工作2.参与拓展储备用地、负责项目土地使用权手续完善；3.负责分管项目前期各相关工作；4.负责《建设用地规划许可证》的办理及市政规划条件的输出；5.负责设计阶段政府各职能部门报建手续的办理；6.负责施工前期及施工过程相关的报批报建手续办理；7.负责预售查丈、竣工查丈手续办理，协助预售许可、房地产权初始登记办理；8.负责规划、环保、民防、燃气、电气、消防等专项工程验收手续办理，参与建筑工程竣工验收，负责竣工验收备案手续办理，协助入伙手续办理；9.负责职责范围内的内、外部沟通、协调工作；10.协助公司相关部门的对外协调工作；11.参与编制并执行《项目报批报建计划》；职能类别：其他举报分享,10
6000-7999/月,星河控股集团有限公司,司机,职位描述：岗位职责：1、负责公司车辆的保险、验车、保养、维修等工作；2、进行车辆内外部的日常清洁；3、接送公司领导、客户，完成各部门用车和接待任务，满足用车需求；4、协助行政人员从事一些外勤工作。任职资格：1、高中以上学历，持有A1驾照，有大型企业3年以上行政司机经验；2、具有良好的驾驶技术和安全、服务意识，对省内道路熟悉；3、熟悉车辆维修知识、保险理赔知识及商务接待礼仪知识；4、熟悉车辆年检、保险、养路费办理等程序；5、身体健康、为人正直、踏实，工作积极主动，敬业负责，应变能力较强，无不良嗜好。职能类别：商务司机举报分享,9
8000-9999/月,星河控股集团有限公司,营销策划师,职位描述：1、本科及以上学历，市场营销、经济管理等相关专业，3年以上营销策划相关工作经验，1年以上房地产营销策划管理工作经验；2、精通市场营销知识、对房地产行业和产品有较全面的认识、整合营销和策划能力强；3、熟悉国家和地方的政策、规划、以及行业动态；4、了解房地产项目运作程序、建筑产品知识、销售管理等知识；5、具有卓越的创新能力、理解能力、学习能力和沟通能力；职能类别：其他举报分享,8
8000-9999/月,星河控股集团有限公司,土地拓展主管,职位描述：工作职责：1、土地资源信息收集整理，进行经济测算，审议项目可行性研究报告，为项目投资决策提供信息；2、负责与相关各方的商务谈判工作并组织合作协议的签订，参加政府土地主管部门招、拍、挂，获取土地，协助做好土地征用和拆迁安置工作；3、参与协调与国土部门等相关政府部门的关系；4、跟进实施主体、土地合同等土地手续的取得。职能类别：其他举报分享,7
6000-7999/月,星河控股集团有限公司,行政主管,职位描述：1、大学本科，管理学、行政管理类相关专业；2、3年以上地产行业行政类岗位工作经验，2年以上同等岗位工作经验；3、熟悉房地产开发业务流程，熟悉档案、证照办理、车队、食堂等行政事务的管理，文字表达能力强，有驾照；4、团结合作，有敬业精神和责任感、有优秀的沟通能力和组织协调能力。职能类别：行政经理/主管/办公室主任行政专员/助理关键字：行政办公室举报分享,6
3000-4499/月,星河控股集团有限公司,收款员,职位描述：岗位职责：1、负责收取项目销售收入款，编制资金收取日报表；2、负责结算项目销售刷卡业务以及与银联公司费用；3、督促按揭贷款的办理，及与有关银行中介的协调；4、按合同及有关规定，督促和落实销售资金的及时回笼。5、销售日报、月报和按揭业务动态报表的编制和报送；6、负责录入营销系统管理软件有关财务数据；7、负责编制销售人员佣金计算表，并按时上报。8、参加销售现场和公司组织的业务及其他学习、培训；9、负责销售票据的领缴、保管和开具。10、配合其他部门和岗位工作，完成上级领导交办的其他任务。任职要求：1、大学专科学历，财务、会计相关专业；2、2年以上财务会计相关工作经验，其中1年一年以上同岗位工作经验；3、精通：财务会计知识；熟悉：经济学知识、房地产专业知识国家相关财经法律、法规；了解：房地产企业运作流程、房地产行业情况；4、学习能力强，善于沟通交流；5、拥有会计从业资格证。职能类别：财务助理/文员其他关键字：收款员收银员财务年终双薪奖金丰厚包吃包住定期体检员工旅游交通补助举报分享,5
15000-19999/月,星河控股集团有限公司,土地拓展经理,职位描述：工作职责：1、土地资源信息收集整理，进行经济测算，审议项目可行性研究报告，为项目投资决策提供信息；2、负责与相关各方的商务谈判工作并组织合作协议的签订，参加政府土地主管部门招、拍、挂，获取土地，协助做好土地征用和拆迁安置工作；3、参与协调与国土部门等相关政府部门的关系；4、跟进实施主体、土地合同等土地手续的取得。职能类别：其他关键字：带薪年假年终双薪奖金丰厚交通补助包吃包住举报分享,4
4000-6000/月,星河控股集团有限公司,拓展专员,"职位描述：1.     负责维护公司现有渠道信息，挖掘并建立新的渠道资源；2.     根据公司要求负责渠道的拓展工作(包括但不限于中介公司、商会、商家联盟、金融行业、电商分销公司等),目标性进行业务洽谈，取得合作；3.     已开展合作渠道的有效维护和促进，并跟踪执行，建立良好的长期合作关系；4.     制定并不断完善方案及运作管理制度、渠道策略；5.     负责及时反馈在渠道拓展过程中所发生的问题以便公司及时调整渠道拓展方向合作方案与执行细则；6.     完成领导交办的工作职能类别：房地产项目/开发/策划主管/专员举报分享",3
10000-14999/月,星河控股集团有限公司,法务主管/经理,职位描述：岗位要求：1、本科及以上学历，法学相关专业；2、5年以上专职律师执业经验，具有3年以上房地产企业法律业务经验者优先；3、精通国家法律法规、法律理论及法律实操事务；4、熟悉房地产行业特征及房地产开发业务全套流程；5、拥有卓越的影响能力和思维总结能力，有优秀的组织协调能力和计划执行能力；6、正直诚信，有律师资格证者优先。岗位职责：1、审查城市公司的各类合同文本，必要时会同集团公司及外部法律机构，参加合同评审会；2、跟据需要参加签订合同的法律谈判，参与合同拟定及修订；3、负责处理城市公司的法务纠纷事宜；4、负责公司日常法律咨询事宜；5、参与公司重大业务决策，提供法律专业意见和建议；6、负责公司相关人员的法务知识培训。职能类别：法务主管/专员关键字：法务举报分享,2
15000-19999/月,星河控股集团有限公司,会计（负责营改增）,职位描述：1、会计学本科以上学历2、有大型企业3年以上工作经验，必须熟悉营改增业务职能类别：其他举报分享,1
6000-7999/月,星河控股集团有限公司,客服主管（非技术）,职位描述：1、相关5年以上工作经验，3年以上同等岗位工作经历2、熟悉房地产企业客服管理工作职能类别：其他客服主管举报分享,0
3000-4499/月,星河湾集团,行政客服助理,"职位描述：工作职责：1、做好售后服务工作,与客户保持良好关系，为企业和产品树立良好形象；2、代理法人与客户签订业务合同，并及时将合同上交销售主管审核后执行；3、负责收集客户信息，建立、维护客户信息资源库；4、建立业主档案，与业主保持日常联系，以及客户关系的维系，并反馈业主对楼盘的意见；5、负责签约并及时回收楼款；6、具体跟进业主收楼工作，并督促落实相关证照办理；7、每天向上级汇报工作情况，定期进行工作总结，并根据市场信息对下阶段工作进行策划，以提高工作的计划性和有效性；8、上级交办的其他工作。岗位要求：1、大专以上学历，市场营销或行政管理相关专业；2、2年以上房地产项目客户服务经验，客户服务及行政管理等专业知识，充分了解项目开发、销售各方面情况；3、具有良好的沟通协调技巧，熟练掌握电脑操作技术和相关客服软件。3、职能类别：房地产客服销售行政专员/助理举报分享",34
8000-9999/月,星河湾集团,人力资源经理,职位描述：工作地点：广东省外其他城市公司工作职责：1)负责区域公司招聘工作，即依据年度招聘计划，选择有效的招聘渠道并组织实施；2)掌握集团公司绩效考核体系，准确运作考核方案，并配合各部门进行绩效面谈；3)执行集团领导批准的薪酬福利制度及方案，调动员工积极性；4)根据培训需求分析、培训预算和培训实施时段的综合汇总，编制区域公司年度培训计划并负责实施；5)全面负责区域公司行政后勤工作；6)完成上级交办的其他工作。协助上级领导制定集团人力资源规划；聘用条件：1)大学本科学历；2)人力资源、行政管理等相关专业；3)8年以上工作经验，5年以上同等职位工作经验；4)熟悉人力资源各模块的理论知识及实践运作；5)良好的沟通技巧，文字表达能力。职能类别：人事经理举报分享,33
8000-9999/月,广州星河湾酒店物业管理有限公司,（酒店）培训经理,职位描述：岗位职责：1、制定公司年度人力资源培训规划和预算，并具体实施培训工作；2、起草、修改和完善培训相关制度、流程，建立培训需求体系；3、制定培训计划并组织实施，监控培训过程，评估培训效果，组织培训考核；4、拓展培训渠道和资源，评估外部培训机构及师资；5、组织开发培训课程及编写培训教材，独立完成部分管理类课程的开发，并在内部讲授；6、内部培训师团队的建设，为内部培训师提供咨询和指导，管理日常工作；7、建设、发展和宣传企业文化。任职资格：1、本科或以上学历，人力资源管理或相关专业优先；2、三年以上酒店培训管理与组织实施经验；3、精通现代企业经营管理理念及管理技术，熟悉管理培训资源，管理咨询培训流程及关键步骤；4、具有较强的亲和力和敬业精神，为人正直、诚实，性格开朗；5、思维敏捷，具有较强的组织、协调、沟通能力及分析问题、解决问题的能力，良好的文字和语言表达能力。工作地点：广州、上海、北京、太原、陕西、青岛职能类别：培训经理/主管举报分享,32
12000-18000/月,星河湾集团,IT经理,"职位描述：1、全面负责公司网络服务、硬件设备、应用系统的运维保障工作；2、负责运维流程和制度的制定，监督执行情况，保证高效响应；3、负责组织研究基础IT设施架构、提高基础IT设施的健壮性；4、负责网络中所有的服务器、交换机、路由器、集线器等设备的连续、正常地运转；网络带宽的合理分配，满足用户使用网络系统的运行质量，提高网络运行速度；5、负责落实服务器规划、产品部署、健康检查、性能监控和数据备份；6、全面负责公司信息安全。任职要求：1、本科及以上学历，信息技术相关专业；2、具备7年以上相关的工作经验,2年以上管理岗位经验；3、思维清晰敏捷，逻辑分析能力强，善于学习、具有分析、解决问题的能力。薪资面试职能类别：信息技术经理/主管技术总监/经理举报分享",31
10000-15000/月,星河湾集团,品牌主管,职位描述：工作职责：1、协助上级制订星河湾集团传播计划，并负责项目统筹执行及协调工作2、与集团内各业务板块的市场推广部门保持沟通协作，监控项目执行情况，统一品牌输出3、负责与供应商、摄影师、广告商等合作方进行日常工作对接4、整合资源，落实传播计划5、负责其跟进项目的预算制定及控制管理岗位要求：1、大学本科或以上学历2、广告、市场营销、经济管理、中文、新闻等相关专业3、三年或以上知名企业（奢侈品行业尤佳）品牌管理工作经验4、熟悉4A广告公司全案流程，有一定的策略思维能力5、熟练运用电脑相关软件，较好的书面表达能力6、认真细致、有责任心，良好的协调沟通能力，富于创造性，具有团队合作精神薪资面试职能类别：产品/品牌主管关键字：品牌全案4a广告品牌主管品牌经理举报分享,30
15000-25000/月,星河湾集团,投资拓展经理,职位描述：1）负责房地产行业（特别是高端住宅地产）最新发展情况、行业动态、产业政策分析。2）负责区域市场的数据收集和背景分析。3）负责项目所在城市宏观经济分析和房地产投资分析。4）负责项目地块开发的前期论证和立项可行性分析。5）制定集团土地储备计划，上报集团主管领导审议，并报管理层批准后实施执行。6）对相关区域土地市场（供求、成交、价格等情况）进行分析后，对重点地块的拿地方案实施执行。7）拿地方案实施前，完成该项目所在地区城市总体规划，区域发展布局，市政设施配套，交通情况分析，环境情况分析，发展功能定位，营销市场分析。8）项目动工后，协调集团其他部门的规划设计、工程管理及市场营销工作的开展。9）完成上级领导和集团交办的其他工作任务。岗位要求：1）本科或以上学历，金融、经济、管理、财会、市场研究、统计、房地产等相关专业；2）五年以上相关行业经验，三年以上项目成功运作经验；3）熟悉房地产开发、市场研究、策划、营销、管理运作流程，较强的交际能力，能协助公司完成项目开发手续办理，熟知报建程序；4）可独立操作房地产前期市场调研与项目获取，熟悉房地产项目市场调研分析、风险评估、项目规划设计、工程营销等业务环节；5）具有较强的沟通能力和表达能力，良好的分析能力和谈判技巧。职能类别：房地产投资分析房地产项目/开发/策划经理举报分享,29
6000-10000/月,星河湾集团,软件运维工程师,职位描述：工作职责：1、负责成本、采招系统、档案管理系统、销售系统、财务系统的运维和监控，保证各业务系统正常运营；2、负责对系统问题的响应、问题跟踪和处理，排除故障；3、维护和升级现有业务系统，快速定位并修复软件缺陷；4、了解用户需求，及时向上级反馈用户提出的投诉和建议；5、对生产环境数据库（SQL server）的安装、备份、业务数据分析及性能分析等日常DBA工作。任职要求：1、计算机专业相关专业专科及以上学历；2. 熟悉关系型数据库如sql server，熟悉SQL语句，熟悉常用操作系统windows、linux、unix系统；3. 熟悉房地产业务的人员优先；4. 熟悉金蝶EAS系统、明源系统运维；5、工作细致、认真负责，具有良好的文字表达能力和自学能力以及良好的团队合作意识；6、有IT运维服务经验的人员优先考虑。职能类别：系统工程师技术支持/维护工程师举报分享,28
8000-15000/月,星河湾集团,机电采购主管,职位描述：***岗位职责：1、收集产品资料、价格信息，了解市场环境，开发新供应商；2、负责大宗物料采购招标及编制招标分析报告；3、价格谈判和商务条款洽商；4、编撰定标文件、中标书、采购订单，签订合同及催跟合同履行；5、审核物料计划；6、处理有关质量事件和厂商服务投诉问题，供应商考评；7、明确采购需求，具体实施采购过程。8、领导交办的其它事项。岗位要求：1、大专以上，工民建、给排水、电气、空调、工程造价等相关专业；2、5年以上相关工作经验，熟悉建筑施工图、材料采购招标知识、建材产品标准、物流、合同法律、财务基础知识等；3、具备市场调查技能，采购谈判技能，常用办公软件操作技能。职能类别：采购主管举报分享,27
3000-4000/月,星河湾集团,绘图员（星河湾木业）,职位描述：岗位职责：负责绘制平面图，对图纸分解等任职要求：1.中专或以上学历，设计相关专业；2.  熟练使用CAD绘图软件。工作地址广州市南沙区榄核镇蔡新路386号职能类别：工业/产品设计举报分享,26
9000-18000/月,星河湾集团,装饰材料采购主管（偏石材）,职位描述：职位职责：1、收集产品资料、价格信息，了解市场环境，开发新供应商；2、负责大宗物料采购招标及编制招标分析报告；3、价格谈判和商务条款洽商；4、编撰定标文件、中标书、采购订单，签订合同及催跟合同履行；5、审核物料计划；6、处理有关质量事件和厂商服务投诉问题，供应商考评；7、领导交办的其它事项；岗位要求：1、大专以上，工民建、装修、给排水、电气、空调、园林、工程造价或酒店管理等；2、5年以上相关工作经验，熟悉建筑施工图、材料采购招标知识、建材产品标准、酒店管理、物流、合同法律、财务基础知识等；3、具备市场调查技能，采购谈判技能；4、具有常用办公软件操作技能。职能类别：采购主管举报分享,25
8000-18000/月,星河湾集团,机电工程师,职位描述：***。该岗位设为两个编制，一个弱电方向，一个水电方向。岗位职责：1、参与项目工程部机电专业技术问题的讨论；2、参与编制本机电业项目施工进度计划、现场平面布置、现场CI布置等；3、参与制定项目工程管理质量目标、工期目标、安全文明施工目标；4、参与编制机电专业《项目工程管理手册》及《工程作业指导书》；5、督促项目工程部编制工程施工总控计划及月报、周报，并汇总；6、参与审核项目报送的机电专业的施工组织设计(技术方案)；7、参与对项目工程部质量、进度、安全文明施工的检查，并提供书面报告；8、参与投标过程中机电专业技术标的评审；9、负责机电专业新技术、新工艺的收集整理及实施；10、负责收集有关设计、施工规范，确保执行的是最有效的工程规范；11、完成上级领导和公司交办的其他工作。岗位要求：1、大专或以上学历，工民建或机电相关专业，5年以上相关工作经验；2、熟悉相关法律法规，相关专业的国家、行业及地方规范标准、项目管理程序、公司有关规定；3、熟练操作办公软件，工程软件，CAD，Project等，4、责任心强、工作认真。职能类别：建筑机电工程师举报分享,24
10000-20000/月,星河湾集团,设计管理经理,职位描述：***岗位职责：1、负责本部的所有对外委托设计工作（建筑、结构、电气、室内，室内软饰，平面专业等设计），包括设计委托，设计合同签署，设计工作计划、阶段支付款及具体工作跟进协调；2、协助上级完成对产品设计开发趋势的研究，并制定可行性报告；3、跟进对外部门的重要文件往来；4、在上级指引下，根据公司及部门现有规章制度，管理本部门的日常行政工作；5、负责本部门的合同及财务预算；6、完成上级领导和公司交办的其他工作岗位要求：1、本科或以上学历，建筑设计专业等相关专业，5年以上相关工作经验；2、了解行业最新动态，熟悉设计相关的装饰材料信息；3、较强的专业及管理知识，较强电脑绘图及软件的操作技能，较强的管理能力、综合统筹能力。4、职业道德及团队合作精神职能类别：建筑设计师规划与设计举报分享,23
9000-20000/月,星河湾集团,采购主管/经理（偏原木）,职位描述：职位职责：1、收集产品资料、价格信息，了解市场环境，开发新供应商；2、负责大宗物料采购招标及编制招标分析报告；3、价格谈判和商务条款洽商；4、编撰定标文件、中标书、采购订单，签订合同及催跟合同履行；5、审核物料计划；6、处理有关质量事件和厂商服务投诉问题，供应商考评；7、领导交办的其它事项；岗位要求：1、大专以上，工民建、装修、给排水、电气、空调、园林、工程造价或酒店管理等；2、5年以上相关工作经验，熟悉建筑施工图、材料采购招标知识、建材产品标准、酒店管理、物流、合同法律、财务基础知识等；3、具备市场调查技能，采购谈判技能；4、具有常用办公软件操作技能。职能类别：采购经理举报分享,22
8000-12000/月,星河湾集团,土建工程师,职位描述：主要职责：1)	参与项目工程部土建技术问题的讨论，对项目工程部提供有效的技术、信息支持和服务，协调配合项目工程管理中各部门之间的工作；2)	参与编制土建项目施工进度计划、现场平面布置、现场CI布置等；3)	参与制定项目工程管理质量目标、工期目标、安全文明施工目标；4)	参与编制土建专业《项目工程管理手册》及《工程作业指导书》；5)	督促项目工程部编制工程施工总控计划及月报、周报，并汇总；6)	参与审核项目报送的土建专业的施工组织设计(技术方案)；7)	参与对项目工程部质量、进度、安全文明施工的检查，并提供书面报告；8)	参与投标过程中土建专业技术标的评审；9)	负责土建专业新技术、新工艺的收集整理及实施；10)	负责收集有关设计、施工规范，确保执行的是最有效的工程规范；11)	完成上级领导和公司交办的其他工作。任职要求：1)	大专或以上学历，工民建相关专业；2)	从事相关工作5年以上经验；3)	熟悉相关法律法规，相关专业的国家、行业及地方规范标准、项目管理程序、公司有关规定；4)	熟练操作办公软件，工程软件，CAD，Project等；5)	土建工程师职称；6)	责任心强、工作认真。职能类别：结构/土木/土建工程师关键字：土建工程师举报分享,20
6000-7999/月,星河湾集团,商业运营主管,职位描述：1）负责公司物业商业街的招商及运营管理工作；2）负责拟草、审核、修订合作协议和租赁合同，及时协调、解决合作过程中出现的各类问题；3）协助领导定期对商业项目定位招商、物业工程、客服投诉的监督检查。4）监督检查案场主管的服务、工作进程。5）督导主管对商家管理服务工作的评估、培训。6）建立客户资料库，整理招商档案，制定相关合作合同，及时处理客户反馈信息。7）负责维护商业项目文明经商和经营管理秩序，制定相关制度和管理办法。8）协同相关政府部门对商业街的职能管理，接受顾客和商户的投诉；9）完成上级领导和集团交办的其他工作任务。任职要求：1）本科或以上学历，房地产专业、经济管理、营销、工商管理等相关专业；2）有3年以上商业招商及运营管理经验；3）熟悉商业街或相关行业商业运营管理4）具备良好的沟通谈判能力、较强责任感及敬业精神。职能类别：物业管理主管举报分享,19
3000-5000/月,星河湾集团,绘图员,职位描述：薪酬面议岗位职责：1)   在设计师的指导下能完成星河湾各项目的板房绘图工作；2)   按照设计师的要求进行图纸深化设计；3）  完成上级领导和公司交办的工作。任职要求：1）本科及以上学历2）室内或建筑等相关专业3）一年及以上相关工作经验4）室内设计绘图基础及原理5）熟练运用各类绘图软件职能类别：室内设计举报分享,18
8000-9999/月,星河湾集团,高管助理,职位描述：1)负责上级的日常行程安排，做好来访接待和商务随行2)负责各类文件、信件，函电的接收整理与转达，撰写各类公文3)协助上级处理公司各部门之间及与外部重要客户关系的信息沟通4)协助上级组织安排相关会议，编写会议记录及会后各项工作的跟进落实5)上级交办的其他工作任职要求：1)本科以上学历，工商管理、行政管理或文秘相关专业优先2)英语能力大学6级以上，听说读写熟练3)3年以上同等职位工作经验，形象气质佳4)工作认真细致，较强的沟通协调及抗压能力，良好的职业道德职能类别：总裁助理/总经理助理企业秘书/董事会秘书举报分享,17
3000-4499/月,星河湾集团,文员（设计/营销/财务/工程/成本/行政/营销）,职位描述：基本工作职责1)定期做好本部门行政文件资料进行收集分类、编制目录、整理装订、立卷归档、妥善保管2)定期申领部门所需办公文具用品，每月根据实际情况及时填报考勤表3)负责建立、健全部门档案分类及管理办法；4)负责部门档案的收集、整理、归档、登记、保管，建立方便的档案查询目录，并保证档案处于良好状态；5)负责部门文件的收发、统一编号和并对通过审批程序的文件资料进行盖章；6)协助部门内部的复印、打印工作；7)负责部门办公用品、固定资产的申购、领取、分发；8)负责部门人员的考勤统计，并上报集团人力资源行政中心；9)维护部门公用办公设备、固定资产（公用文件柜等）；10)完成上级领导和公司交办的其他工作。各部门文员工作内容：成本部文员：负责部门内外文件、图纸、资料的打印、传递、传阅、分发、分类、收集、整理、归档等工作，要求对工程的概（预）算有一定的了解，对工程运作和管理有一定的了解，要求土建、工程造价管理、文秘或档案管理专业财务部文员：负责办理财务部各类文件资料的传递、接收工作，主要包括费用报销单、申购单、付款证书、报告等。通知有关单位及个人收取款项，办理出具证明及开票的有关手续。参与部门会计凭证的粘帖、装订、归档等工作，要求会计相关专业，熟悉国家财务、税务政策规定，要求会计相关专业，熟悉国家财务、税务政策规定。工程部文员：负责项目工程部文件的收发、保存、分类、归档、保管，要求文秘相关专员前台文员：负责处理公司与外部沟通的关系；排公司公用资源的合理使用；接待公司来宾、访客并做好出入记录；接听来电，过滤后转接至各部门；为来宾安排接待室，并提供茶水；会议室的使用安排，要求行政管理专业及相关专业，有良好沟通能力，认真负责，积极主动地执行交办工作设计部文员：负责部门对外、对内的文件及图纸接收、复印、传真、发放等工作，文秘、文件管理等相关知识，要求熟练使用各种办公软件、熟悉建筑制图软件营销部文员：负责营销中心对外对内一切行政接待，文件往来，有营销中心文职工作者优先考虑聘用条件：大专以上学历，1年以上相关工作经验，熟练Word、excel、power point等办公软件职能类别：后勤举报分享,16
8000-15000/月,星河湾集团,装饰造价师,职位描述：岗位职责：1、负责分管工程、材料设备项目发包工程招标文件和工程量清单编制工作，以及相关工程量计算；2、根据招标管理制度、工程策划报告和投资估算，编制工程招标分判计划和目标成本指标；3、协助组织考察考评投标单位，完成承建商/供应商考察工作档案记录；4、提供分包合同价款项目专业意见，以及负责承包合同协调交底工作；5、统筹所属项目招标，拟订评标报告，报批后拟订中标通知书；6、整理招标相关文件，拟订编制分判合同文件和招标分判方案；7、协助收集、跟踪、调研、掌握材料设备和其他市场信息；8、协助收集分管专业承包商/供应商名册的建立、评议、考核等管理工作。岗位要求：1、工民建、工程造价、土木工程相关专业本科或以上学历；2、熟悉招投标运作，熟悉招投标文件相关条例，熟悉预结算及工程量清单；3、良好沟通谈判能力，擅长收集市场材料信息；4、五年以上相关职位工作经验，有现场工作经验者优先；5、持助理工程师或以上资格证书者优先。薪资面试备注：此职位工作地点为番禺，专业方向为装饰造价，需有招投标工作经验，暂不接收应届毕业生或无相关工作经验者职能类别：工程造价师/预结算经理举报分享,15
8000-9999/月,星河湾集团,室内设计师,职位描述：岗位职责：1、根据领导意向，主笔设计各项目样板房与公建；2、配合上级领导跟进其他设计公司的图纸；3、配合上级领导管理现场施工质量；4、配合上级领导跟进各期项目的户型，审定所跟进户型的材料样板5、配合上级领导选定各项目的洁具款式及型号；6、指导下属绘图员完成工作；7、完成上级领导和公司交办的其他工作。任职要求：1、本科或以上学历，室内与环境设计等相关专业；2、五年室内设计相关工作经验，室内设计、项目管理相关专业毕业；3、熟练运用各类设计软件，职能类别：室内设计举报分享,14
10000-14999/月,星河湾集团,销售经理,职位描述：工作职责：1、负责监控分公司对集团统一的销售管理政策的执行情况及营销操作流程的执行情况；2、监控项目营销操作流程的执行情况（包括销售合同签署、交房、企划合同及方案执行），降低上述营销活动中所造成的风险；3、负责收集项目各项销售数据、销售进度、销售成本、企划信息，建立营销信息数据库，有利于集团营销系统的资源共享；4、参与制定项目整体营销策划方案，为项目营销策划提供支持；5、协助新开发项目营销体系的架构设立及部门组建工作；6、跟进项目销售进度计划、推广计划、营销预算及销售价格调整方案等；7、上级交办的其他工作。聘用条件：1、本科以上学历，市场营销相关专业；2、6年以上房地产销售工作经验，2年以上同等职位工作经验并具备房地产开发基本知识；3、充分了解项目开发各方面情况，销售相关知识；4、良好的沟通及演讲技能。职能类别：销售经理举报分享,13
300000-600000/年,星河湾集团,工程副总,"职位描述：工作地点：星河湾各项目岗位职责：1、有效执行集团制定的各项制度和工作流程；2、与相关中心有效协调,参与本专业各项工程的招投标工作；3、协助上级领导对所在项目工程部进行管理，使工程目标达到公司要求；4、监督项目工程的开发报建、质量、进度、安全文明施工、成本控制、竣工验收等；5、负责解决本专业工程管理中出现的技术及管理问题；6、全面负责项目工程部与集团其他中心和部门之间的协调工作；7、全面负责项目工程部的日常管理工作，合理安排项目工程上的人员配备，各项目人员的岗位职责并及时进行检查和督导；8、完成上级领导和公司交给的其他任务。任职要求：1、本科或以上学历，工民建相关专业；2、从事工程管理工作10年以上经验，3年以上同等职位工作经验；中级以上职称；3、熟悉相关法律法规，相关专业的国家、行业及地方规范标准、项目管理程序；4、熟练操作办公软件，工程软件，责任心强、优秀的项目统筹能力，良好的沟通表达能力。职能类别：总监/部门经理举报分享",12
3000-4499/月,星河控股集团有限公司,营销策划文员,职位描述：资料管理1. 负责营销策划部资料的会签、建档、保存、借阅及检索工作；2. 负责客户结款相关数据库的建立及维护； [傅婷1]3. 负责整理相关合作单位的信息存档[D2]4. 负责与客户签订按揭合同的结款银行联络。[傅婷3]日常内勤工作1. 负责部门学习记录及会议纪要整理；2. 负责部门各项费用的报销；3. 负责办公用品的统计、领取、管理和发放；4. 协助部门经理开展内部绩效考核；5. 负责ISO9000文件内审工作，开展相关培训工作，严格按照文件规范来执行并完成相关记录；6. 负责部门周报汇总的上报。7. 负责登记营销推广费用、报销费用，并与财务对接；8. 编制完成部门营销费用预算及整合各项目营销费用预算表；9. 编制完成财务计划分析对比表，及时进行费用预警；其他1. 参与编制和完善营销策划工作程序，并保证其贯彻执行；2. 配合其他部门和岗位的工作，完成上级领导交办的其他任务。要求：1. 本科学历，文科类专业，1年以上营销策划类相关工作经验，有较强的文字功底，沟通能力强。职能类别：销售助理行政专员/助理举报分享,40
4500-5999/月,星河湾集团,置业顾问,"职位描述：岗位职责：1、推广公司形象，传递公司信息，积极主动向客户推荐楼盘，促进成交；2、掌握客户需求，发掘及跟进潜在客户，做好对客户的追踪、联系；3、热情接待，细致讲解，耐心服务，为客户提供满意的服务；4、对周边市场及项目定期进行调研，及时掌握竞争个案动态，定期对销售数据及成交客户资料进行分析评估，提交销售总结报告；5、负责客户签约，追缴房款及后期维护；6、协助销售主管处理一般日常事务。任职资格:1、大专及以上学历,毕业生亦可;2、形象好，气质佳，***身高1.75米以上，***身高1.65米以上3、热爱销售，具有较强的沟通与谈判能力;5、敏锐的洞察力，较强的抗压和抗挫能力；勇于接受房产行业的压力和挑战；6、做事认真踏实，为人正直诚恳；高度的工作意识，具有良好的团队精神。职能类别：房地产销售大客户销售关键字：销售销售工程师销售经理客户经理大客户经理sales直销置业顾问举报分享",11
40-50万/年,星河湾集团,建筑设计总监,职位描述：岗位职责：1、建立、监督和完善部门管理流程制度，以及日常部门人员管理工作；2、根据公司战略定位及市场的需求，对产品的设计开发趋势进行研究，制定室内及外观设计总体方向；3、组织总结和分析已完成产品的设计缺陷和问题，拟制、修订、完善集团开发项目的产品设计标准，建立、维护知识库，做好经验沉淀与积累；4、参与前期项目定位、项目可研报告评审，对市场调研报告和可研报告提出设计方面的专业建议；5、组织项目初步设计、室内装修深化方案设计的评审；6、负责推行限额设计方法确保职责范围内设计成本控制在目标成本之内；根据设计评审的结论，对超出目标成本的设计方案进行调整修正；7、督导各专业设计组做好集团职责内的材料设备的选型定板工作；8、负责与各中心及政府机关、设计院的沟通交流；9、完成上级领导和公司交办的其他工作。岗位职责：1、有权参与公司产品设计战略规划；2、综合统筹各项目各专业设计的工作安排及计划；3、指导及参与各项目的设计工作，对设计及施工进行总体的技术进行把控并承担管理责任；4、审核及签发各专业图纸及对外文件；5、协调解决重点项目的施工现场技术问题以及进度总统筹。岗位要求：1、大学本科或以上学历，城市规划或建筑学等相关专业；2、15年以上房地产规划、专业设计和产品研发相关经验；有设计院规划及专业设计工作经验优先；3、有较强的专业知识、业务知识及专业设计能力，有较强的团队协作能力、组织协调能力、具备良好的部门协调能力及绩效管理能力；4、一、二级注册建筑师优先。职能类别：高级建筑工程师/总工举报分享,10
200000-400000/年,星河湾集团物业总部,项目总经理/经理,职位描述：岗位职责：1、制定物业公司经营方针和发展计划，明确物业公司业务发展方向。制定分解物管年度计划，完成年度任务。2、协助下达物业公司年度经营指标，审批物业公司年度计划、预算方案、审批各项业务支出与费用支出。参与公司经营决策，通晓公司发展战略，掌握公司物管目标、规划和计划。3、组织制定、调整物业公司管理制度工作，审批、发布各项管理制度，并负责监督检查制度的执行。4、负责物业系统的团队建设；设置经营组织机构，配置中层管理人员，对部门和人员进行分工授权，合理配置业务部门人力、设备资源，审批部门资源需求申请。 发展企业文化，提高员工凝聚力。5、负责审核并提交物管模式和物管方案，供公司决策； 负责提交收费标准调整方案，并参与审定；具有丰富的前期物业接管独立开展收交楼统筹管理能力。6、组织拓展市场业务，审议重大业务方案。7、指导、监督各物业管理部经营和财务管理工作，检查各部门工作实施情况。8、审批、处理物业服务过程中的重大事项，组织处理物业服务过程中的重大投诉事件。9、完成上级领导指派的其他工作。任职要求：1、40周岁以下，本科本科及以上学历，行政管理、物业管理等相关专业，有物业师资格证优先；2、8年以上物业服务管理工作经历，5年以上总责人管理经验；3、较强的管理协调能力、沟通、整合资源能力、物管经营能力、计划能力，客户资源管理能力。4、精通物业管理知识、物业服务政策法规、相关的经营管理知识、物业管理项目操作流程，熟悉相关财务知识。5、诚信敬业，敢于坚持原则，具有较强的责任感和服务意识。6、具备较强的沟通协调能力和统筹管理能力，与政府相关部门建立良好的协作关系。7、熟练使用电脑及常用办公软件。职能类别：物业管理经理举报分享,9
150000-200000/年,星河湾集团物业总部,品牌经理,职位描述：岗位职责：1、公司品牌计划的制定、推进、落实与反馈。2、负责公司对外新闻主题策划、发布与信息监控。3、品牌活动的策划、组织开展及传播。4、媒体及行业协会的关系维护。5、公司危机公关的处理与跟踪反馈。6、企业文化刊物的采编。7、公司VI、广告、宣传片等出街图文影像的审核及管理。8、公司官网、微信、APP等自媒体平台的运营管理。9、对下属分公司品牌工作的统筹管理、培训与指导。10、对接集团品牌公关部门。任职资格 ：1、本科及以上学历，广告、新闻、传播、市场营销等相关专业。2、五年以上相关工作经验，有大型公司品牌经理相关岗位经验者优先。3、较强的新闻敏锐度，文字驾驭能力优秀。4、对新事物、新理念能够快速学习与使用。5、良好的计划、组织、协调、沟通能力，责任心和敬业精神。6、较好的审美度，会使用图片处理及视频编辑软件者优先。7、具有物业、房地产或服务业相关工作经验者优先考虑。职能类别：物业管理经理产品/品牌经理举报分享,8
150000-200000/年,星河湾集团物业总部,品质经理,职位描述：岗位职责：1、贯彻落实公司质量方针和目标，组织制定各项工作质量标准。2、组织实施质量策划、品质监控、品质保证及品质改善。3、负责主导公司品质管理体系搭建工作，独立主导过品质管理体系建设工作；在品质总监指导下，组织开展专项品质提升计划，并监督各部门整改进度。4、负责组织公司内、外部质量审核活动，针对内审的不合格项目，制定纠正措施，并组织项目实施。5、对各项目工作流程、制度、标准进行定期检查，并监督各项目针对不合理处落实整改。6、按时对项目进行检查、监督，并出品质报告上报公司，逐步对项目进行规范。7、熟悉物业管理相关法律法规及项目质量监控，对物业管理服务品质提升工作有独到见解。任职要求：1、35周岁以下，本科以上学历，3年以上物业服务行业品质主管级及以上岗位相关管理经验，具有较丰富的物业品质管理专业知识及质量管理体系运行指导、维护、监督及改进工作能力。2、熟悉物业管理相关法律法规及政策，具备 ISO9001 及 ISO14001 质量环境管理体系知识及运作程序。3 、为人正直、有强烈的责任心，公正严谨、忠诚敬业原则性强；综合素质好，有较强的综合管理和组织、协调、沟通能力。4、能熟练操作常用办公软件，具备较强的文字功底和口头表达能力。职能类别：物业管理经理举报分享,7
150000-200000/年,星河湾集团物业总部,人力资源经理,职位描述：岗位职责：1、在公司人力资源战略、政策和指引的框架下，建立并实施人力资源方针和行动计划，以支持公司达到预期经营目标。2、负责组织起草、修改和完善人力资源相关架构、管理制度和工作流程。3、负责招聘、培训、薪酬、考核、员工关系等人力资源日常管理事宜。4、定期进行人力资源数据分析，提交公司人力资源分析报告。5、根据行业和公司发展状况，协助制定公司薪酬体系、激励体系并负责实施。6、协助监督控制各部门绩效评价过程并不断完善绩效管理体系。7、协助推动公司理念及企业文化的形成。8、协助制定公司人力资源整体战略规划。任职要求：1、本科以上学历，人力资源管理相关专业。2、三年以上大型企业人力资源工作经验，具备招聘、培训、人员配置、项目管理等相关技能。3、三年以上管理经验，有房地产、物业行业经验者优先。4、思路清晰、逻辑严谨，判断分析、洞察力强；良好的沟通理解能力及团队协作能力。5、工作积极主动，责任心强，具有一定的抗压能力。6、富有成就导向、主动精神、创新能力和团队执行力。职能类别：物业管理经理举报分享,6
3000-4499/月,星河湾集团物业总部,客服助理,"职位描述：1、全面掌握管辖区内房屋及配套设施的基本情况,负责建立业主(住户)档案。2、每日不少于二次对管辖区域进行巡视,及时发现和制止违章行为,确保房屋结构完好,外观整齐,公共设施不受损害,发现管道、沟渠阻塞,迅速采取措施予以处理,并做好每日巡视记录。3、巡视时发现不符合规定之处,应及时报告负责人,并迅速、妥善解决。4、日常工作时必须礼貌服务,与业主及出入人员保持良好、融洽的关系。 熟悉管辖范围内的物业户数和各物业的面积,对管辖范围内业主的姓名、所购物业要熟记在心,对各物业的办公或经营情况有基本的了解。任职要求：大专或以上学历；30岁以下，一年以上客户服务相关的工作经验，曾从事星级酒店、高级物业管理工作者优先考虑；具良好的亲和力，沟通能力和服务意识，较强的工作责任感和纪律性，有一定得应变能力；品貌端正，流利国、粤语；能适应轮班工作；欢迎应届毕业生应聘。职能类别：物业管理专员/助理关键字：物业管理助理举报分享",5
8000-9999/月,星河湾集团物业总部,物业经理,职位描述：岗位职责：1、全面负责组织编制年度工作计划和年度预算，编制各类规章制度、操作规程并监督执行到位；2、做好项目的运营、安全和消防管理工作，完成全年安全质量工作目标，遇有突发事件要做出果断决策；3、负责项目人员使用、培养，对管辖员工进行督导培训，不断提高其管理水平、服务意识以及专业技能；4、每周召开各部门工作例会，听取工作汇报，部署重点工作任务，解决项目管理中存在的问题，改进经管理方法，提高物业管理服务水平；5、贯彻执行经营管理方针、政策，提交年度物业管理的计划，负责督促、协调项目各部门落实年度工作目标；6、编制工程设备的年度维修、保养计划，并督导执行，确保项目设备、设施系统的安全运行；7、定期对项目管理区域进行巡检，撰写月度服务质量巡检报告，并就相关问题进行改善及汇报；8、负责组织开展绩效管理工作，对直属下级进行客观、公正的评价，并提出发展建议，辅导个人提升；9、与项目业主客户保持密切联系，及时处理客户的诉求，听取客户意见或建议，不断提高服务质量；10、与政府相关部门及客户建立良好关系；11、上级领导交代的其他工作。任职要求：1、应聘者年龄要求在28-40岁之间，优秀者年龄可适当放宽；2、管理专业本科以上学历，酒店管理、物业管理等相关专业优先；3、5年以上住宅物业项目管理经验，持有物业项目负责人资格证书；4、5年以上同等职位从业经历，独立管理建筑面积30万平米以上的住宅等工作经历熟悉物业管理服务及运作程序，具有市场拓展、招投标及前期物业项目管理经验；5、熟悉物业管理政策法规，具备先进管理理念和前瞻服务指导意识，能够制订物业发展规划，建立健全各项管理制度；6、具备良好的沟通能力和组织协调能力，以及分析和解决问题的能力，能够承受较大工作压力；具有较强的工作责任心和服务意识。7、具备良好的文字处理能力，熟练操作电脑和运用OFFICE软件。能够适应长期外派工作。职能类别：物业管理经理关键字：急招举报分享,4
6000-13000/月,星河湾集团,应用开发主管,职位描述：工作职责：1、OA系统工作维护2、工作流程制作设计3、公司应用系统实施管理4、基于.net系统的基本开发聘用条件：1、大专或以上学历2、2年以上.net开发经验，2年以上软件系统维护3、熟悉Sql Server数据库，会使用基本的增删改查语句4、有基于房地产公司IT项目实施管理经验的优先考虑职能类别：系统工程师数据库工程师/管理员举报分享,3
6000-7999/月,星河湾集团物业总部,物业工程经理,职位描述：1、在分公司负责人的领导下，建立和完善项目监理信息系统，全面负责工程部的各项工作；2、负责组织开展小区物业公共部分、工程设备按时、规范的维修，养护、管理；接管小区新建物业以及各种设备设施的接管验收工作，依据有关管理规定建立健全各种档案资料，设备台帐、接收记录；3、负责组织对小区各种设备的规范操作；负责业主返修工作的处理，召开相关单位的工程协调会，监督下级做好工程责任划分、现场监理等工作，加快效率，确保业主满意；4、负责制定工程管理规章制度、设备操作规程和安全管理措施，按制度、作业规程加强员工培训，并要求员工严格有关规定执行；5、负责组织编制年度工作计划，物资计划，财务预算计划；负责制订工程部组织架构并根据实际情况进行调整，达到队伍精干、工作高效的目的；6、处理索赔、审批工程延期，审查和处理工程变更，主持或参与工程质量安全事故的调查。任职资格工程类专业，大专以上学历，40岁以下，熟悉供配电、给排水、智能化、电梯、消防等系统的运行原理；熟练使用AutoCAD及办公等软件，熟知物业工程管理流程，掌握各类工程系统的工艺标准和验收规范，能进行工程图纸审核；有五年以上本职工作经验，具有扎实的专业知识基础，丰富的实际工作经验，组织管理能力和综合事务管理能力。性格稳重，具有良好团队精神及沟通技巧。具有大型知名物业企业管理经验者优先考虑。经验较少者可以应聘专业工程师。职能类别：物业机电工程师物业管理主管举报分享,2
10000-14999/月,星河湾集团物业总部,物业环境经理,职位描述：1、熟悉各分公司小区整体环境状况，统一协调指导管理，对各分公司环境环境、保洁工作进行总结，对存在问题，提出可行性指导意见。2、确定各分公司小区环境质量标准，完善岗位操作标准，规范工作流程，严格管理清洁公司驻场人员，统一标准，加强有效执行与落实。3、做好各分公司开源节流指导工作，合理申购物料、工具等所需物资，控制车辆、机械设备的用油，跟进各项记录的检查，审核各分公司各项费用的支出、收入情况。4、督促各分公司小区清洁、垃圾清运、四害消杀、白蚁防治、石材护理等外判单位的监督与管理，严格落实公司各项指示精神，总结评估各合作单位的综合服务质量，对不达标项目进行整改处罚，跟进服务费用的结算。5、指导各分公司做好前期园林接管验收，给予相关技术支持。任职资格：1、本科以上学历，年龄40岁以下；2、具有5年以上高端住宅小区同等职位相关经验（管理面积50万平方米以上）；3、熟悉园林绿化养护、清洁保养专业经验；4、具有较强的领导、组织、协调、沟通能力，重点事件的预见能力和突发事件的处理。5、具有大型知名物业企业管理经验者优先考虑。职能类别：物业管理经理举报分享,1
10-15万/年,星河控股集团有限公司,采购工程师,职位描述：1、本科及以上学历，工民建、工程造价、采购等相关专业；2、5年以上工程项目招标采购相关工作经验，包括2年以上同等岗位工作经验；3、精通工程项目采购专业知识、房地产开发企业的工程管理流程。职能类别：采购经理工程造价师/预结算经理举报分享,31
6000-7999/月,星河控股集团有限公司,置业顾问,职位描述：一、工作经验：2年以上房地产销售工作经验二、专业知识:精通：房地产销售流程、客户分析和谈判熟悉：房地产市场、建筑相关知识了解：房地产策划流程、房地产开发流程三、能力素质：卓越：专业能力、沟通协调能力、执行能力、优秀：解决问题、应变能力、客户服务、 团队协作较强：学习能力、敬业负责注：要求相貌端庄，亲和力强，175CM以上，165CM以上。公司福利优厚，底薪4000元起，佣金点数高于市场2倍。职能类别：房地产销售举报分享,30
4500-5999/月,星河控股集团有限公司,保修工程师,职位描述：要求：1、能够根据问题的原因分析来制定相应的维修方案2、熟练掌握维修标准工艺3、对隐蔽工程能够判断和验收并推动维修继续进行4、能制定工作标准、实施计划等日常工作所需的文件任职资格：1、中专及以上，有土木工程类、建筑学类、物业管理等房地产相关专业为佳2、曾从事维修业务管理工作3、具备基本的电脑操作技能、电工职业资格证、特种作业操作证等；能讲粤语为佳4、1）具情绪控制和抗压能力； 2）良好的亲和力和沟通能力；3）具资源整合、组织协调能力；4）较好继续学习能力； 5）能够自我调节工作压力职能类别：物业维修员关键字：维保保修举报分享,29
4500-5999/月,星河控股集团有限公司,材料员,职位描述：1、有地产公司相关工作经验2、熟悉材料情况职能类别：其他举报分享,28
,深圳市星河房地产开发有限公司,地产-客户服务岗（广州）,职位描述：客户服务岗（广州）职位描述：处理客户投诉，控制、跟踪业主满意度，推动和实施客服规范，完成客户需求分析应聘要求：心理学、公共关系、工程管理类专业，本科及以上学历工作地点：广州职能类别：房地产客服举报分享,27
,深圳市星河房地产开发有限公司,地产-计划运营岗（广州）,职位描述：计划运营岗（广州）职位描述：公司经营与地产开发的计划管理、进度把控和绩效管理等应聘要求：土建类、管理学类专业，本科及以上学历工作地点：广州职能类别：其他举报分享,26
,深圳市星河房地产开发有限公司,物业-人力资源岗（广州）,职位描述：人力资源岗（广州）职位描述：负责公司人力资源业务的落实，确保人力资源可持续发展应聘要求：人力资源类、工商管理类、公共管理类专业，本科及以上学历工作地点：广州职能类别：人事助理举报分享,25
,深圳市星河房地产开发有限公司,物业-行政管理岗（广州）,职位描述：行政管理岗（广州）职位描述：负责公司各项行政业务的落实，确保公司行政体系运作正常应聘要求：人力资源类、工商管理类、公共管理类专业，本科及以上学历工作地点：广州职能类别：行政专员/助理举报分享,24
,深圳市星河房地产开发有限公司,物业-社区经营岗（广州）,职位描述：社区经营岗（广州）职位描述：负责物业经营业务拓展、渠道开发，提高物业经营能力应聘要求：市场营销类、工商管理类专业，本科及以上学历工作地点：广州职能类别：物业管理专员/助理举报分享,23
,深圳市星河房地产开发有限公司,物业-品质管理岗（广州）,职位描述：品质管理岗（广州）职位描述：负责物业品质管理体系维护、培训、考核，提高物业品质服务水平应聘要求：物业管理类、酒店管理类专业，本科及以上学历工作地点：广州职能类别：物业管理专员/助理举报分享,22
30000-39999/月,广州星河湾酒店物业管理有限公司,（酒店）驻店总经理,职位描述：岗位职责：1 全面负责酒店的经营管理，领导各部门员工完成酒店的各项计划目标；2 围绕公司下达的利润指标和各项工作，编制酒店的预算和决算，严格控制经营成本和各种费用开支；3 负责酒店团队的建立、培养和管理提高整个酒店的服务质量和员工素质；4 根据市场变化和发展，制定切实可行的市场营销工作策略，并组织实施和有效控制；5 全面负责安全管理，抓好食品卫生，治安安全等工作，确保客人和员工的人身、财产安全；6 与公司、加盟业主进行日常的沟通协调工作，确保信息畅通、有效；7 负责做好酒店与各界人士的公共关系，抓好重要客人的接待工作，塑造良好的内、外部形象；8 关心员工思想和生活，不断改善员工的工作条件；9 完成公司交办的其他工作。任职资格：1、大专或以上学历，30-45岁，酒店管理、企业管理等相关专业；2、具有5年以上五星级酒店管理经验；3、熟悉常用办公软件；4、具有良好的沟通协调能力、组织管理能力、领导力和影响力。团地领导和团队合作能力强具有较强的判断和决策能力、应变能力。诚信、高度的工作责任心。工作地点：外派职能类别：首席执行官CEO/总裁/总经理举报分享,6
10000-14999/月,星河控股集团有限公司,景观工程师/主管,职位描述：工作经验:五年以上施工管理经验，具有房地产行业或施工单位园林专业相关经验，有监理工程师或建造师证书者优先。知识技能:（1）熟悉房地产开发业务中的园林专业知识，熟悉南方植物名称，生长习性；（2）对园林艺术有一定的独到见解及鉴赏性；（3）具有较强的沟通协调能力以及执行力；（4）熟练使用常用办公软件及CAD制图。工作职责:1.参与方案设计、施工图设计，提出改善的建议；2.参与园林景观设计物料选型，督促设计单位提供物料样板；3.参与园林景观招标答疑，协调现场踏勘及技术标审定；4.组织相关部门参与甲供苗木采购；5.协调设计师落实绿化苗木的种植前苗木样板确定；6.协调园林景观工程结构、水电图纸的设计及现场配合；7.参与室外土建工程、综合管网的敷设及施工，提出改善措施；8.负责园林景观工程施工图审核，组织施工图纸会审，施工组织设计审核；9.参与方案设计，负责落实施工图及其设计变更的实施；10.负责园林工程现场施工图的设计及原方案设计遗漏的小量方案及施工图设计；11.协调山石工程、艺术品工程、水景工程、室外家什等的二次设计及审核；12.负责协调园林景观中甲供材料的验收和安排交接保管工作；13.负责施工单位进场材料的登记、验收、材料进场施工协调及成品保护；14.审核施工单位编制的项目园林工程进度计划，并监督组织实施；15.负责对施工单位的园林工程施工进度、质量进行监督、控制；16.协调园林景观施工单位与各总分包单位、监理公司之间的关系；17.负责巡视、检查、评定在建项目的园林工程质量、工程材料质量、监理单位的监理质量等；18.组织召开园林景观工程现场例会并在协调会上解决施工单位提出的问题；19.负责审核园林施工单位的进度款付款情况并及时办理付款手续；20.审核园林工程在施工中出现的现场签证的审核、工程量的审核及办理；21.负责施工单位提交的竣工结算资料的审核；及时申请竣工结算办理；职能类别：房产项目配套工程师举报分享,4
3000-4499/月,星河湾集团,文员（设计/营销/财务/工程/成本/行政/营销）,职位描述：基本工作职责1)定期做好本部门行政文件资料进行收集分类、编制目录、整理装订、立卷归档、妥善保管2)定期申领部门所需办公文具用品，每月根据实际情况及时填报考勤表3)负责建立、健全部门档案分类及管理办法；4)负责部门档案的收集、整理、归档、登记、保管，建立方便的档案查询目录，并保证档案处于良好状态；5)负责部门文件的收发、统一编号和并对通过审批程序的文件资料进行盖章；6)协助部门内部的复印、打印工作；7)负责部门办公用品、固定资产的申购、领取、分发；8)负责部门人员的考勤统计，并上报集团人力资源行政中心；9)维护部门公用办公设备、固定资产（公用文件柜等）；10)完成上级领导和公司交办的其他工作。各部门文员工作内容：成本部文员：负责部门内外文件、图纸、资料的打印、传递、传阅、分发、分类、收集、整理、归档等工作，要求对工程的概（预）算有一定的了解，对工程运作和管理有一定的了解，要求土建、工程造价管理、文秘或档案管理专业财务部文员：负责办理财务部各类文件资料的传递、接收工作，主要包括费用报销单、申购单、付款证书、报告等。通知有关单位及个人收取款项，办理出具证明及开票的有关手续。参与部门会计凭证的粘帖、装订、归档等工作，要求会计相关专业，熟悉国家财务、税务政策规定，要求会计相关专业，熟悉国家财务、税务政策规定。工程部文员：负责项目工程部文件的收发、保存、分类、归档、保管，要求文秘相关专员前台文员：负责处理公司与外部沟通的关系；排公司公用资源的合理使用；接待公司来宾、访客并做好出入记录；接听来电，过滤后转接至各部门；为来宾安排接待室，并提供茶水；会议室的使用安排，要求行政管理专业及相关专业，有良好沟通能力，认真负责，积极主动地执行交办工作设计部文员：负责部门对外、对内的文件及图纸接收、复印、传真、发放等工作，文秘、文件管理等相关知识，要求熟练使用各种办公软件、熟悉建筑制图软件营销部文员：负责营销中心对外对内一切行政接待，文件往来，有营销中心文职工作者优先考虑聘用条件：本科以上学历，相关学科优先，有相关实习经验者优先，熟练Word、excel、power point等办公软件职能类别：行政专员/助理经理助理/秘书举报分享,5
4500-5999/月,星河湾集团物业总部,环境主任,职位描述：岗位职责：职责一	对环境板块工作专业知识进行归纳总结，开发专业板块课程，适时开展相关课程，不断提成团队专业水平。职责二	定期进行环境巡查，并抽查重点区域现场保洁情况，确保环境管理达到分包合同要求。职责三	加强并维系各服务分包单位的工作程序、工作效果并对所辖区域进行按月考核形成考核报告。职责四	监督分包单位驻场人员的分布和到岗情况，检查其仪表、礼貌、劳动态度和工作效率，并进行讲评。职责五	根据各分包单位提交的月度工作总结和分析报告，对分包单位进行评估。职责六	定期对市场环境外包单位进行调查评估，形成分析报告，适时调整环境外包单位，实现环境服务的最优化。职责七	根据上级指示发出书面的工作联系函、公告、通知、温馨提示等往来或对外文件并统一存档。职责八	巡视辖区内绿化生长情况，严格管理绿化修剪及补种情况，做好记录并形成分析报告。职责九	巡查鱼池，观察鲤鱼生长情况级鱼池清洗工作。职责十	上级领导交办的其他工作。任职要求：1、	具有优秀的责任心、执行力和服务意识；2、	具有优秀的沟通表达能力；3、	具有较强的团队合作精神；4、	工作认真细致，积极主动，思维敏捷；5、	性格沉稳，心态平和；6、抗压能力强，保密意识强；7、熟练操作各类办公软件，具备良好的公文写作能力。职能类别：物业管理经理举报分享,2
,深圳市星河房地产开发有限公司,物业-机电工程岗（广州）,职位描述：机电工程岗（广州）职位描述：负责机电工程系统的设计、施工管理、系统二次整改，确保机电设备运作正常应聘要求：智能化类、电气工程及其自动化类专业，本科及以上学历工作地点：广州职能类别：其他举报分享,3
30-40万/年,深圳星河智善生活股份有限公司,物业分公司总经理（广州分公司）,职位描述：1、	拟订物业分公司经营计划、经营目标，组织公司各方面的力量，实施项目开发公司确定的各项工作任务和各项生产经营经济指标，推行行之有效的经济责任制，保证各项工作任务和经营指标的完成。2、	拟订物业公司内部经营管理组织结构配置方案，拟订公司员工工资方案和奖惩方案，决定公司员工的聘用、升级、加薪、奖惩与辞退。3、	培训、督导各级管理人员，加强对员工的培训和教育，充分调动员工的积极性，提高员工队伍的整体综合素质。4、	拟订物业分公司基本管理制度，审核各部门具体操作流程，实现管理的科学化、规范化。5、	拟订物业分公司年度财务预决算方案，审核财务报表，在项目开发公司授权的额度内审批公司日常经营管理中的各项开支，合理控制费用支出，健全内部监控制度，合理、合法运用资金，提高公司增收节支的能力。6、	注重分析研究市场信息，注重革新，增强公司的市场应变能力和竞争能力。7、	组织推行全面质量管理体系，按国家优秀示范小区标准提供服务，提高物业管理质量水平和服务水平。8、	树立安全意识，健全消防制度，严格落实各项防范措施，保障所管辖物业及人员的财产和生命安全。任职资格：1、	全日制大专以上学历；2、	5年以上物业管理行业工作经验，3年以上总经理或副总经理岗位工作经验，持有物业管理企业经理上岗证者尤佳；3、	熟悉物业管理的相关政策、法规及行业服务规范标准； 熟悉物业管理各阶段的工作和流程，以及相关质量体系的运用操作；4、	了解基本的财务管理、成本控制知识； 具备良好的沟通、协调、组织及统筹管理的能力，坚持客户至上和优质服务的管理思想；5、	具备积极的工作心态，责任心强。职能类别：办事处/分公司/分支机构经理举报分享,1
5500-10000/月,星河湾集团,招聘专员/主管,职位描述：岗位职责：1、参与公司招聘规划和人员薪资预算制定；2、统筹安排招聘、甄别、面试、选择和安置新进员工工作的任务；3、进行简历甄别和面试；4、向进行招聘的管理人员提供政策、程序和规范方面的培训及指导；5、保持现有招聘渠道沟通畅顺，掌握更多招聘服务机构信息并保持联系；6、规划并主导开展校园招聘计划；7、优化招聘流程，缩短招聘周期，提高招聘效率。8、完成上级交办的其他工作。任职要求：1、大学本科学历，人力资源相关专业；2、3年以上大中型企业人力资源招聘工作，一年以上地产行业相关工作经验，有独立完成招聘工作的经验；3、对人才的发现与引进、组织与人员调整、员工职业生涯设计等具有丰富的实践经验；熟悉企业的招聘流程及各种招聘渠道；4、熟练制定企业招聘课程规划及招聘方案； 有丰富的实践经验；熟悉企业的招聘流程及各种招聘渠道；5、优秀的协调能力和出色的沟通、说服、引导能力；良好的团队协作能力，富有高度的责任心与职业操守；能够承受工作压力，具备独立的发现、分析及解决问题的能力；职能类别：招聘专员/助理举报分享,21
